{
  "metadata": {
    "module": "dns_intelligence",
    "target": "dartai.com",
    "timestamp": "2025-12-18T14:42:10.055841",
    "record_count": 17
  },
  "results": [
    {
      "domain": "dartai.com",
      "type": "A",
      "value": "198.202.211.1",
      "ttl": 9976,
      "source": "DNS Resolver"
    },
    {
      "domain": "dartai.com",
      "type": "MX",
      "value": "5 alt1.aspmx.l.google.com.",
      "ttl": 3600,
      "source": "DNS Resolver"
    },
    {
      "domain": "dartai.com",
      "type": "MX",
      "value": "10 alt4.aspmx.l.google.com.",
      "ttl": 3600,
      "source": "DNS Resolver"
    },
    {
      "domain": "dartai.com",
      "type": "MX",
      "value": "1 aspmx.l.google.com.",
      "ttl": 3600,
      "source": "DNS Resolver"
    },
    {
      "domain": "dartai.com",
      "type": "MX",
      "value": "10 alt3.aspmx.l.google.com.",
      "ttl": 3600,
      "source": "DNS Resolver"
    },
    {
      "domain": "dartai.com",
      "type": "MX",
      "value": "5 alt2.aspmx.l.google.com.",
      "ttl": 3600,
      "source": "DNS Resolver"
    },
    {
      "domain": "dartai.com",
      "type": "NS",
      "value": "ns-cloud-e4.googledomains.com.",
      "ttl": 21600,
      "source": "DNS Resolver"
    },
    {
      "domain": "dartai.com",
      "type": "NS",
      "value": "ns-cloud-e3.googledomains.com.",
      "ttl": 21600,
      "source": "DNS Resolver"
    },
    {
      "domain": "dartai.com",
      "type": "NS",
      "value": "ns-cloud-e2.googledomains.com.",
      "ttl": 21600,
      "source": "DNS Resolver"
    },
    {
      "domain": "dartai.com",
      "type": "NS",
      "value": "ns-cloud-e1.googledomains.com.",
      "ttl": 21600,
      "source": "DNS Resolver"
    },
    {
      "domain": "dartai.com",
      "type": "TXT",
      "value": "\"openai-domain-verification=dv-2L4UNwZ6HqeldFYfQdLuyPcX\"",
      "ttl": 14400,
      "source": "DNS Resolver"
    },
    {
      "domain": "dartai.com",
      "type": "TXT",
      "value": "\"google-site-verification=s4w1einln4TmCx-4GMTz73hM6XFeDmIKrapsirW-t_0\"",
      "ttl": 14400,
      "source": "DNS Resolver"
    },
    {
      "domain": "dartai.com",
      "type": "TXT",
      "value": "\"google-site-verification=qq9tDWxS-aAKDJkt44As3qBt9kkctY6RFoOget4JOp8\"",
      "ttl": 14400,
      "source": "DNS Resolver"
    },
    {
      "domain": "dartai.com",
      "type": "TXT",
      "value": "\"v=spf1 include:_spf.google.com ~all\"",
      "ttl": 14400,
      "source": "DNS Resolver"
    },
    {
      "domain": "dartai.com",
      "type": "TXT",
      "value": "\"stripe-verification=13cb107e057b2d8268ccf69ef2898cfdfff849f4922c4f74e767b39083a30639\"",
      "ttl": 14400,
      "source": "DNS Resolver"
    },
    {
      "domain": "dartai.com",
      "type": "TXT",
      "value": "\"rippling-domain-verification=de90ecc07abff512\"",
      "ttl": 14400,
      "source": "DNS Resolver"
    },
    {
      "domain": "dartai.com",
      "type": "SOA",
      "value": "ns-cloud-e1.googledomains.com. cloud-dns-hostmaster.google.com. 1 21600 3600 259200 300",
      "ttl": 21600,
      "source": "DNS Resolver"
    }
  ]
}