{
  "metadata": {
    "module": "github_intelligence",
    "target": "dartai.com",
    "timestamp": "2025-12-18T14:42:06.801217",
    "record_count": 50
  },
  "results": [
    {
      "type": "code",
      "name": "update-doc.mjs",
      "path": "components/dart/actions/update-doc/update-doc.mjs",
      "repository": "PipedreamHQ/pipedream",
      "url": "https://github.com/PipedreamHQ/pipedream/blob/3806ae5a1d54d1ad39a3fac83ddc16263df7a726/components/dart/actions/update-doc/update-doc.mjs",
      "score": 1.0,
      "source": "GitHub Code Search"
    },
    {
      "type": "code",
      "name": "README.md",
      "path": "README.md",
      "repository": "its-dart/dart-mcp-server",
      "url": "https://github.com/its-dart/dart-mcp-server/blob/8b2e239afe9f0b6d2cd598383e53dd2c554dc3b7/README.md",
      "score": 1.0,
      "source": "GitHub Code Search"
    },
    {
      "type": "code",
      "name": "finding-a-job-product-engineer.md",
      "path": "contents/newsletter/finding-a-job-product-engineer.md",
      "repository": "PostHog/posthog.com",
      "url": "https://github.com/PostHog/posthog.com/blob/5cef698d5c36aa743a9f6db060ec9bd068634c99/contents/newsletter/finding-a-job-product-engineer.md",
      "score": 1.0,
      "source": "GitHub Code Search"
    },
    {
      "type": "code",
      "name": "readme-9581.md",
      "path": "workflows/Categorize Support Emails with AI and Create Tasks in Dart-9581/readme-9581.md",
      "repository": "nusquama/n8nworkflows.xyz",
      "url": "https://github.com/nusquama/n8nworkflows.xyz/blob/85774a4fa26692f9ae03f0751dbe044a489b6a0f/workflows/Categorize%20Support%20Emails%20with%20AI%20and%20Create%20Tasks%20in%20Dart-9581/readme-9581.md",
      "score": 1.0,
      "source": "GitHub Code Search"
    },
    {
      "type": "code",
      "name": "dart.json",
      "path": "batches/winter-2022/dart.json",
      "repository": "yc-oss/api",
      "url": "https://github.com/yc-oss/api/blob/cf4c67fd2ddbbd73989822f91f8d9a5159c705a2/batches/winter-2022/dart.json",
      "score": 1.0,
      "source": "GitHub Code Search"
    },
    {
      "type": "code",
      "name": "11",
      "path": "07/19/11",
      "repository": "cirosantilli/expired-domain-names-by-day-2014",
      "url": "https://github.com/cirosantilli/expired-domain-names-by-day-2014/blob/e5e51dd126e86133d4ead87f1bffbda3f2a93314/07/19/11",
      "score": 1.0,
      "source": "GitHub Code Search"
    },
    {
      "type": "code",
      "name": "dart.app.mjs",
      "path": "components/dart/dart.app.mjs",
      "repository": "PipedreamHQ/pipedream",
      "url": "https://github.com/PipedreamHQ/pipedream/blob/3806ae5a1d54d1ad39a3fac83ddc16263df7a726/components/dart/dart.app.mjs",
      "score": 1.0,
      "source": "GitHub Code Search"
    },
    {
      "type": "code",
      "name": "dart-tools-0.8.9.ebuild",
      "path": "dev-python/dart-tools/dart-tools-0.8.9.ebuild",
      "repository": "houseofsuns/pypi",
      "url": "https://github.com/houseofsuns/pypi/blob/15a762a58381d54fd00474e6eeca4a8dadd9f8f0/dev-python/dart-tools/dart-tools-0.8.9.ebuild",
      "score": 1.0,
      "source": "GitHub Code Search"
    },
    {
      "type": "code",
      "name": "upload_attachment.py",
      "path": "examples/upload_attachment.py",
      "repository": "its-dart/dart-tools-py",
      "url": "https://github.com/its-dart/dart-tools-py/blob/05fa6eed2ece16bb98cfa9b053d809539748a94b/examples/upload_attachment.py",
      "score": 1.0,
      "source": "GitHub Code Search"
    },
    {
      "type": "code",
      "name": "sources_landing.txt",
      "path": "misc/sources_landing.txt",
      "repository": "yayeandriy/spiral-automation",
      "url": "https://github.com/yayeandriy/spiral-automation/blob/30e8b4ed35a28e20c3f74a401a65a51494196de5/misc/sources_landing.txt",
      "score": 1.0,
      "source": "GitHub Code Search"
    },
    {
      "type": "code",
      "name": "AI Trends.md",
      "path": "AI Trends.md",
      "repository": "AlexGrom1989/For-obsidian",
      "url": "https://github.com/AlexGrom1989/For-obsidian/blob/77b45886c7d694d74fcc91455ccc14c90415cbee/AI%20Trends.md",
      "score": 1.0,
      "source": "GitHub Code Search"
    },
    {
      "type": "code",
      "name": "generator_fake_domain_name_059.txt",
      "path": "SeqGAN-DGA/Result#4/adversarial_gen/generator_fake_domain_name_059.txt",
      "repository": "Jared-Lee/GANDGA",
      "url": "https://github.com/Jared-Lee/GANDGA/blob/e198249c1da75fce75ba8bfea698f7b5fec66d8e/SeqGAN-DGA/Result%234/adversarial_gen/generator_fake_domain_name_059.txt",
      "score": 1.0,
      "source": "GitHub Code Search"
    },
    {
      "type": "code",
      "name": "SPECIFICATIONS.md",
      "path": "SPECIFICATIONS.md",
      "repository": "uddhav/creative-thinking",
      "url": "https://github.com/uddhav/creative-thinking/blob/d517cc271038d562e71dd2c98e5fa6c176f52453/SPECIFICATIONS.md",
      "score": 1.0,
      "source": "GitHub Code Search"
    },
    {
      "type": "code",
      "name": "d.txt",
      "path": "_basian_2018/alphabetical/d.txt",
      "repository": "ialexs/trustpositif.kominfo.go.id",
      "url": "https://github.com/ialexs/trustpositif.kominfo.go.id/blob/9e2bac29cfaf4c090a21543272d9413ed9473a9b/_basian_2018/alphabetical/d.txt",
      "score": 1.0,
      "source": "GitHub Code Search"
    },
    {
      "type": "code",
      "name": "dart-tools.json",
      "path": "data/pypi/da/dart-tools.json",
      "repository": "szabgab/pydigger-data",
      "url": "https://github.com/szabgab/pydigger-data/blob/ad6871931a2970a4a683d1a38a3ecabb04b4ca32/data/pypi/da/dart-tools.json",
      "score": 1.0,
      "source": "GitHub Code Search"
    },
    {
      "type": "code",
      "name": "list",
      "path": "output/048.txt/domains/ACTIVE/list",
      "repository": "ant8891-5/48",
      "url": "https://github.com/ant8891-5/48/blob/48a6dce14bbf1cfbeccc9e8a13c13e945a96f12a/output/048.txt/domains/ACTIVE/list",
      "score": 1.0,
      "source": "GitHub Code Search"
    },
    {
      "type": "code",
      "name": "adblock_part_471.txt",
      "path": "adblock_part_471.txt",
      "repository": "IndrabhushanJ/blocklist-p",
      "url": "https://github.com/IndrabhushanJ/blocklist-p/blob/81d0ab2fce79cbbf3959dba960b35841544a8566/adblock_part_471.txt",
      "score": 1.0,
      "source": "GitHub Code Search"
    },
    {
      "type": "code",
      "name": "dart_enriched.json",
      "path": "data/yc_enriched/dart_enriched.json",
      "repository": "sirmaxworld/AI-Workspace",
      "url": "https://github.com/sirmaxworld/AI-Workspace/blob/c80b46afaa9c7fb59ff6f45a44adf53a6e216b6b/data/yc_enriched/dart_enriched.json",
      "score": 1.0,
      "source": "GitHub Code Search"
    },
    {
      "type": "code",
      "name": "github_all_services_sorted.csv",
      "path": "github_all_services_sorted.csv",
      "repository": "nenseso/github-service-scraper",
      "url": "https://github.com/nenseso/github-service-scraper/blob/6ea68f2499b3941d671a84be3360214701f044de/github_all_services_sorted.csv",
      "score": 1.0,
      "source": "GitHub Code Search"
    },
    {
      "type": "code",
      "name": "folder-structure-blueprint.md",
      "path": "docs/architecture/folder-structure-blueprint.md",
      "repository": "tlejmi/ai-augmented-project-template",
      "url": "https://github.com/tlejmi/ai-augmented-project-template/blob/0205d35177c85b3c41b0762b85a9ef10b02465a3/docs/architecture/folder-structure-blueprint.md",
      "score": 1.0,
      "source": "GitHub Code Search"
    },
    {
      "type": "code",
      "name": "virus_total_results_2025-12-02_14-21.txt",
      "path": "VirusTotalResults/virus_total_results_2025-12-02_14-21.txt",
      "repository": "btfuhrma/CIS-540-Trend-Misuse",
      "url": "https://github.com/btfuhrma/CIS-540-Trend-Misuse/blob/6b4dd166cb460fc2d4405e69e0aae9432b55b742/VirusTotalResults/virus_total_results_2025-12-02_14-21.txt",
      "score": 1.0,
      "source": "GitHub Code Search"
    },
    {
      "type": "code",
      "name": "07",
      "path": "06/15/07",
      "repository": "cirosantilli/expired-domain-names-by-day-2009",
      "url": "https://github.com/cirosantilli/expired-domain-names-by-day-2009/blob/03173d69d62225762abc1f7428ede40744ef58a0/06/15/07",
      "score": 1.0,
      "source": "GitHub Code Search"
    },
    {
      "type": "code",
      "name": "Epic Prioritization_ RL vs Heuristics_.md",
      "path": "research/Epic Prioritization_ RL vs Heuristics_.md",
      "repository": "adrianwedd/adrianwedd",
      "url": "https://github.com/adrianwedd/adrianwedd/blob/08a8e1dbce030c82e6541a42c4fa2a92790205fb/research/Epic%20Prioritization_%20RL%20vs%20Heuristics_.md",
      "score": 1.0,
      "source": "GitHub Code Search"
    },
    {
      "type": "code",
      "name": "make-api.sh",
      "path": "admin/make-api.sh",
      "repository": "its-dart/n8n-nodes-dart",
      "url": "https://github.com/its-dart/n8n-nodes-dart/blob/6d35f8820f78a8abe83635b8511086f9eaa3a568/admin/make-api.sh",
      "score": 1.0,
      "source": "GitHub Code Search"
    },
    {
      "type": "code",
      "name": "Meu notebook antigo (Dell Inpiron 15_ tela touchsc.md",
      "path": "Notes/Meu notebook antigo (Dell Inpiron 15_ tela touchsc.md",
      "repository": "Genovese-Felipe/mcp0000",
      "url": "https://github.com/Genovese-Felipe/mcp0000/blob/b527de780c9f1065f58905e3fcc42d08c87bb036/Notes/Meu%20notebook%20antigo%20(Dell%20Inpiron%2015_%20tela%20touchsc.md",
      "score": 1.0,
      "source": "GitHub Code Search"
    },
    {
      "type": "code",
      "name": "dart_integration.md",
      "path": "docs/dart_integration.md",
      "repository": "jmanhype/MCPhoenix",
      "url": "https://github.com/jmanhype/MCPhoenix/blob/f0e1e57c722637eb60658b6f5ce546014cff0ff9/docs/dart_integration.md",
      "score": 1.0,
      "source": "GitHub Code Search"
    },
    {
      "type": "code",
      "name": "package.json",
      "path": "package.json",
      "repository": "its-dart/dart-tools-ts",
      "url": "https://github.com/its-dart/dart-tools-ts/blob/1b996514c09673573092939b4860cf03023f9e3b/package.json",
      "score": 1.0,
      "source": "GitHub Code Search"
    },
    {
      "type": "code",
      "name": "companies.csv",
      "path": "python/companies.csv",
      "repository": "rkendel1/Sources",
      "url": "https://github.com/rkendel1/Sources/blob/aa902ac7ca07e63aa257715d6d8abcb2eb4df5e1/python/companies.csv",
      "score": 1.0,
      "source": "GitHub Code Search"
    },
    {
      "type": "code",
      "name": "04-perplexity-export-methods.md",
      "path": "docs/research/ce-imlosion-repomix-serena/04-perplexity-export-methods.md",
      "repository": "bprzybys-nc/ctx-eng-plus",
      "url": "https://github.com/bprzybys-nc/ctx-eng-plus/blob/283c6f62986fc6e1e9dfc869808c4d86bfbf6cfc/docs/research/ce-imlosion-repomix-serena/04-perplexity-export-methods.md",
      "score": 1.0,
      "source": "GitHub Code Search"
    },
    {
      "type": "code",
      "name": "2025-08-24-raw.json",
      "path": "docs/2025-08-24-raw.json",
      "repository": "zendril/newsgregator",
      "url": "https://github.com/zendril/newsgregator/blob/25da3e0b98e0a7ed4c81553f4be3004308e8a6dd/docs/2025-08-24-raw.json",
      "score": 1.0,
      "source": "GitHub Code Search"
    },
    {
      "type": "code",
      "name": "2025-07-26-raw.json",
      "path": "docs/2025-07-26-raw.json",
      "repository": "zendril/newsgregator",
      "url": "https://github.com/zendril/newsgregator/blob/25da3e0b98e0a7ed4c81553f4be3004308e8a6dd/docs/2025-07-26-raw.json",
      "score": 1.0,
      "source": "GitHub Code Search"
    },
    {
      "type": "code",
      "name": "2025-08-12-raw.json",
      "path": "docs/2025-08-12-raw.json",
      "repository": "zendril/newsgregator",
      "url": "https://github.com/zendril/newsgregator/blob/25da3e0b98e0a7ed4c81553f4be3004308e8a6dd/docs/2025-08-12-raw.json",
      "score": 1.0,
      "source": "GitHub Code Search"
    },
    {
      "type": "code",
      "name": "2025-08-01-raw.json",
      "path": "docs/2025-08-01-raw.json",
      "repository": "zendril/newsgregator",
      "url": "https://github.com/zendril/newsgregator/blob/25da3e0b98e0a7ed4c81553f4be3004308e8a6dd/docs/2025-08-01-raw.json",
      "score": 1.0,
      "source": "GitHub Code Search"
    },
    {
      "type": "code",
      "name": "2025-08-09-raw.json",
      "path": "docs/2025-08-09-raw.json",
      "repository": "zendril/newsgregator",
      "url": "https://github.com/zendril/newsgregator/blob/25da3e0b98e0a7ed4c81553f4be3004308e8a6dd/docs/2025-08-09-raw.json",
      "score": 1.0,
      "source": "GitHub Code Search"
    },
    {
      "type": "code",
      "name": "2025-08-02-raw.json",
      "path": "docs/2025-08-02-raw.json",
      "repository": "zendril/newsgregator",
      "url": "https://github.com/zendril/newsgregator/blob/25da3e0b98e0a7ed4c81553f4be3004308e8a6dd/docs/2025-08-02-raw.json",
      "score": 1.0,
      "source": "GitHub Code Search"
    },
    {
      "type": "code",
      "name": "2025-06-13-raw.json",
      "path": "docs/2025-06-13-raw.json",
      "repository": "zendril/newsgregator",
      "url": "https://github.com/zendril/newsgregator/blob/25da3e0b98e0a7ed4c81553f4be3004308e8a6dd/docs/2025-06-13-raw.json",
      "score": 1.0,
      "source": "GitHub Code Search"
    },
    {
      "type": "code",
      "name": "2025-08-08-raw.json",
      "path": "docs/2025-08-08-raw.json",
      "repository": "zendril/newsgregator",
      "url": "https://github.com/zendril/newsgregator/blob/25da3e0b98e0a7ed4c81553f4be3004308e8a6dd/docs/2025-08-08-raw.json",
      "score": 1.0,
      "source": "GitHub Code Search"
    },
    {
      "type": "code",
      "name": "947afb6b-17b0-4d08-9005-e423d8842c8a.json",
      "path": "server/sessions/947afb6b-17b0-4d08-9005-e423d8842c8a.json",
      "repository": "PositiveMike33/th3-thirty3",
      "url": "https://github.com/PositiveMike33/th3-thirty3/blob/928ef92504a4eefc7ca22b0d0ba049c0a48a8fcd/server/sessions/947afb6b-17b0-4d08-9005-e423d8842c8a.json",
      "score": 1.0,
      "source": "GitHub Code Search"
    },
    {
      "type": "code",
      "name": "us_google_results_12-03-2025-14.csv",
      "path": "CSV_Search_Results/us_google_results_12-03-2025-14.csv",
      "repository": "btfuhrma/CIS-540-Trend-Misuse",
      "url": "https://github.com/btfuhrma/CIS-540-Trend-Misuse/blob/6b4dd166cb460fc2d4405e69e0aae9432b55b742/CSV_Search_Results/us_google_results_12-03-2025-14.csv",
      "score": 1.0,
      "source": "GitHub Code Search"
    },
    {
      "type": "code",
      "name": "us_google_results_12-02-2025-14.csv",
      "path": "CSV_Search_Results/us_google_results_12-02-2025-14.csv",
      "repository": "btfuhrma/CIS-540-Trend-Misuse",
      "url": "https://github.com/btfuhrma/CIS-540-Trend-Misuse/blob/6b4dd166cb460fc2d4405e69e0aae9432b55b742/CSV_Search_Results/us_google_results_12-02-2025-14.csv",
      "score": 1.0,
      "source": "GitHub Code Search"
    },
    {
      "type": "code",
      "name": "README.md",
      "path": "README.md",
      "repository": "reddybro108/Multiclass-Classification-of-Customer-Complaints-using-NLP",
      "url": "https://github.com/reddybro108/Multiclass-Classification-of-Customer-Complaints-using-NLP/blob/d6edf6275a356b92675e2a0d846ebf00932dca32/README.md",
      "score": 1.0,
      "source": "GitHub Code Search"
    },
    {
      "type": "code",
      "name": "us_google_results_12-03-2025-14.json",
      "path": "JSON_Search_Results/us_google_results_12-03-2025-14.json",
      "repository": "btfuhrma/CIS-540-Trend-Misuse",
      "url": "https://github.com/btfuhrma/CIS-540-Trend-Misuse/blob/6b4dd166cb460fc2d4405e69e0aae9432b55b742/JSON_Search_Results/us_google_results_12-03-2025-14.json",
      "score": 1.0,
      "source": "GitHub Code Search"
    },
    {
      "type": "code",
      "name": "us_google_results_12-02-2025-14.json",
      "path": "JSON_Search_Results/us_google_results_12-02-2025-14.json",
      "repository": "btfuhrma/CIS-540-Trend-Misuse",
      "url": "https://github.com/btfuhrma/CIS-540-Trend-Misuse/blob/6b4dd166cb460fc2d4405e69e0aae9432b55b742/JSON_Search_Results/us_google_results_12-02-2025-14.json",
      "score": 1.0,
      "source": "GitHub Code Search"
    },
    {
      "type": "code",
      "name": "25",
      "path": "04/13/25",
      "repository": "cirosantilli/expired-domain-names-by-day-2024",
      "url": "https://github.com/cirosantilli/expired-domain-names-by-day-2024/blob/7513ce8690e9c92eafb67a37ad07bf6023f4e420/04/13/25",
      "score": 1.0,
      "source": "GitHub Code Search"
    },
    {
      "type": "code",
      "name": "14",
      "path": "11/07/14",
      "repository": "cirosantilli/expired-domain-names-by-day-2024",
      "url": "https://github.com/cirosantilli/expired-domain-names-by-day-2024/blob/7513ce8690e9c92eafb67a37ad07bf6023f4e420/11/07/14",
      "score": 1.0,
      "source": "GitHub Code Search"
    },
    {
      "type": "code",
      "name": "03",
      "path": "07/11/03",
      "repository": "cirosantilli/expired-domain-names-by-day-2024",
      "url": "https://github.com/cirosantilli/expired-domain-names-by-day-2024/blob/7513ce8690e9c92eafb67a37ad07bf6023f4e420/07/11/03",
      "score": 1.0,
      "source": "GitHub Code Search"
    },
    {
      "type": "code",
      "name": "26",
      "path": "05/26/26",
      "repository": "cirosantilli/expired-domain-names-by-day-2024",
      "url": "https://github.com/cirosantilli/expired-domain-names-by-day-2024/blob/7513ce8690e9c92eafb67a37ad07bf6023f4e420/05/26/26",
      "score": 1.0,
      "source": "GitHub Code Search"
    },
    {
      "type": "code",
      "name": "08",
      "path": "05/06/08",
      "repository": "cirosantilli/expired-domain-names-by-day-2024",
      "url": "https://github.com/cirosantilli/expired-domain-names-by-day-2024/blob/7513ce8690e9c92eafb67a37ad07bf6023f4e420/05/06/08",
      "score": 1.0,
      "source": "GitHub Code Search"
    },
    {
      "type": "code",
      "name": "01",
      "path": "02/27/01",
      "repository": "cirosantilli/expired-domain-names-by-day-2020",
      "url": "https://github.com/cirosantilli/expired-domain-names-by-day-2020/blob/b25dbd97f52600063d217ad953f7a0f8f8fab9a2/02/27/01",
      "score": 1.0,
      "source": "GitHub Code Search"
    },
    {
      "type": "code",
      "name": "36",
      "path": "06/04/36",
      "repository": "cirosantilli/expired-domain-names-by-day-2018",
      "url": "https://github.com/cirosantilli/expired-domain-names-by-day-2018/blob/553002762ff3213c76f91404f073aac10648e2d4/06/04/36",
      "score": 1.0,
      "source": "GitHub Code Search"
    }
  ]
}