{
  "metadata": {
    "module": "github_intelligence",
    "target": "dartai.com",
    "timestamp": "2025-12-21T20:24:22.062757",
    "record_count": 30
  },
  "results": [
    {
      "type": "code",
      "name": "update-doc.mjs",
      "path": "components/dart/actions/update-doc/update-doc.mjs",
      "repository": "PipedreamHQ/pipedream",
      "url": "https://github.com/PipedreamHQ/pipedream/blob/e0c9e6313625bb4f52a2cab9e0674d1cb2d7f3f4/components/dart/actions/update-doc/update-doc.mjs",
      "score": 1.0,
      "source": "GitHub Code Search (API)",
      "search_method": "GitHub Native API",
      "captcha_encountered": false,
      "rate_limiting": "Intelligent delays applied",
      "alternative_tools": {
        "primary_tool": "GitHub Native API (Recommended - CAPTCHA-free)",
        "alternatives": [
          "GitLeaks - https://github.com/zricethezav/gitleaks",
          "TruffleHog - https://github.com/trufflesecurity/trufflehog",
          "Gitrob - https://github.com/michenriksen/gitrob",
          "GitDorker - https://github.com/obheda12/GitDorker",
          "GitHub Advanced Search - https://github.com/search/advanced",
          "GitHound - https://github.com/tillson/git-hound",
          "Shhgit - https://github.com/eth0izzle/shhgit",
          "GitAllSecrets - https://github.com/anshumanbh/git-all-secrets"
        ],
        "best_practices": [
          "Always use authenticated API requests",
          "Implement request throttling (2-5s delays)",
          "Use result caching to minimize API calls",
          "Rotate User-Agent headers",
          "Never scrape GitHub web pages (triggers CAPTCHA)"
        ]
      }
    },
    {
      "type": "code",
      "name": "README.md",
      "path": "README.md",
      "repository": "its-dart/dart-mcp-server",
      "url": "https://github.com/its-dart/dart-mcp-server/blob/8b2e239afe9f0b6d2cd598383e53dd2c554dc3b7/README.md",
      "score": 1.0,
      "source": "GitHub Code Search (API)"
    },
    {
      "type": "code",
      "name": "finding-a-job-product-engineer.md",
      "path": "contents/newsletter/finding-a-job-product-engineer.md",
      "repository": "PostHog/posthog.com",
      "url": "https://github.com/PostHog/posthog.com/blob/a9d95eb055d6be060f213cf8bdd8117fde696757/contents/newsletter/finding-a-job-product-engineer.md",
      "score": 1.0,
      "source": "GitHub Code Search (API)"
    },
    {
      "type": "code",
      "name": "readme-9581.md",
      "path": "workflows/Categorize Support Emails with AI and Create Tasks in Dart-9581/readme-9581.md",
      "repository": "nusquama/n8nworkflows.xyz",
      "url": "https://github.com/nusquama/n8nworkflows.xyz/blob/dc04c11ee650c83d2a01f71361ab15d0c6094210/workflows/Categorize%20Support%20Emails%20with%20AI%20and%20Create%20Tasks%20in%20Dart-9581/readme-9581.md",
      "score": 1.0,
      "source": "GitHub Code Search (API)"
    },
    {
      "type": "code",
      "name": "dart.json",
      "path": "batches/winter-2022/dart.json",
      "repository": "yc-oss/api",
      "url": "https://github.com/yc-oss/api/blob/cb5636d83d0178a760ce5ba8359e85577f9f0f5e/batches/winter-2022/dart.json",
      "score": 1.0,
      "source": "GitHub Code Search (API)"
    },
    {
      "type": "code",
      "name": "11",
      "path": "07/19/11",
      "repository": "cirosantilli/expired-domain-names-by-day-2014",
      "url": "https://github.com/cirosantilli/expired-domain-names-by-day-2014/blob/e5e51dd126e86133d4ead87f1bffbda3f2a93314/07/19/11",
      "score": 1.0,
      "source": "GitHub Code Search (API)"
    },
    {
      "type": "code",
      "name": "dart.app.mjs",
      "path": "components/dart/dart.app.mjs",
      "repository": "PipedreamHQ/pipedream",
      "url": "https://github.com/PipedreamHQ/pipedream/blob/e0c9e6313625bb4f52a2cab9e0674d1cb2d7f3f4/components/dart/dart.app.mjs",
      "score": 1.0,
      "source": "GitHub Code Search (API)"
    },
    {
      "type": "code",
      "name": "dart-tools-0.8.9.ebuild",
      "path": "dev-python/dart-tools/dart-tools-0.8.9.ebuild",
      "repository": "houseofsuns/pypi",
      "url": "https://github.com/houseofsuns/pypi/blob/e98cc389c364e1ad9ef4681992b4ae63370e326a/dev-python/dart-tools/dart-tools-0.8.9.ebuild",
      "score": 1.0,
      "source": "GitHub Code Search (API)"
    },
    {
      "type": "code",
      "name": "upload_attachment.py",
      "path": "examples/upload_attachment.py",
      "repository": "its-dart/dart-tools-py",
      "url": "https://github.com/its-dart/dart-tools-py/blob/05fa6eed2ece16bb98cfa9b053d809539748a94b/examples/upload_attachment.py",
      "score": 1.0,
      "source": "GitHub Code Search (API)"
    },
    {
      "type": "code",
      "name": "sources_landing.txt",
      "path": "misc/sources_landing.txt",
      "repository": "yayeandriy/spiral-automation",
      "url": "https://github.com/yayeandriy/spiral-automation/blob/30e8b4ed35a28e20c3f74a401a65a51494196de5/misc/sources_landing.txt",
      "score": 1.0,
      "source": "GitHub Code Search (API)"
    },
    {
      "type": "code",
      "name": "AI Trends.md",
      "path": "AI Trends.md",
      "repository": "AlexGrom1989/For-obsidian",
      "url": "https://github.com/AlexGrom1989/For-obsidian/blob/77b45886c7d694d74fcc91455ccc14c90415cbee/AI%20Trends.md",
      "score": 1.0,
      "source": "GitHub Code Search (API)"
    },
    {
      "type": "code",
      "name": "generator_fake_domain_name_059.txt",
      "path": "SeqGAN-DGA/Result#4/adversarial_gen/generator_fake_domain_name_059.txt",
      "repository": "Jared-Lee/GANDGA",
      "url": "https://github.com/Jared-Lee/GANDGA/blob/e198249c1da75fce75ba8bfea698f7b5fec66d8e/SeqGAN-DGA/Result%234/adversarial_gen/generator_fake_domain_name_059.txt",
      "score": 1.0,
      "source": "GitHub Code Search (API)"
    },
    {
      "type": "code",
      "name": "SPECIFICATIONS.md",
      "path": "SPECIFICATIONS.md",
      "repository": "uddhav/creative-thinking",
      "url": "https://github.com/uddhav/creative-thinking/blob/d517cc271038d562e71dd2c98e5fa6c176f52453/SPECIFICATIONS.md",
      "score": 1.0,
      "source": "GitHub Code Search (API)"
    },
    {
      "type": "code",
      "name": "DARTAI_SETUP_GUIDE.md",
      "path": "docusaurus-dev/docs/common/DARTAI_SETUP_GUIDE.md",
      "repository": "vibethink-edu/vibethink-orchestrator-main",
      "url": "https://github.com/vibethink-edu/vibethink-orchestrator-main/blob/192914080ebdd87ca92f677e8cab91c53dc88316/docusaurus-dev/docs/common/DARTAI_SETUP_GUIDE.md",
      "score": 1.0,
      "source": "GitHub Code Search (API)"
    },
    {
      "type": "code",
      "name": "dart_service.js",
      "path": "server/dart_service.js",
      "repository": "PositiveMike33/th3-thirty3",
      "url": "https://github.com/PositiveMike33/th3-thirty3/blob/d258586148718347be13fc34ca231829c9286626/server/dart_service.js",
      "score": 1.0,
      "source": "GitHub Code Search (API)"
    },
    {
      "type": "code",
      "name": "dartai-client.ts",
      "path": "src/services/dartai/dartai-client.ts",
      "repository": "nxtleveltech1/MantisNXT",
      "url": "https://github.com/nxtleveltech1/MantisNXT/blob/f702f18891cca3c33802057e6ce7eef4d2d04f4c/src/services/dartai/dartai-client.ts",
      "score": 1.0,
      "source": "GitHub Code Search (API)"
    },
    {
      "type": "code",
      "name": "2025-08-08-summary.md",
      "path": "docs/2025-08-08-summary.md",
      "repository": "zendril/newsgregator",
      "url": "https://github.com/zendril/newsgregator/blob/ae2db86cf1de3ef9722d3f2ac72f22605afea86a/docs/2025-08-08-summary.md",
      "score": 1.0,
      "source": "GitHub Code Search (API)"
    },
    {
      "type": "code",
      "name": "dart-tools.json",
      "path": "data/pypi/da/dart-tools.json",
      "repository": "szabgab/pydigger-data",
      "url": "https://github.com/szabgab/pydigger-data/blob/3cd31a4d9d3812d62c7830d0dc78ec0333f75133/data/pypi/da/dart-tools.json",
      "score": 1.0,
      "source": "GitHub Code Search (API)"
    },
    {
      "type": "code",
      "name": "list",
      "path": "output/048.txt/domains/ACTIVE/list",
      "repository": "ant8891-5/48",
      "url": "https://github.com/ant8891-5/48/blob/48a6dce14bbf1cfbeccc9e8a13c13e945a96f12a/output/048.txt/domains/ACTIVE/list",
      "score": 1.0,
      "source": "GitHub Code Search (API)"
    },
    {
      "type": "code",
      "name": "adblock_part_471.txt",
      "path": "adblock_part_471.txt",
      "repository": "IndrabhushanJ/blocklist-p",
      "url": "https://github.com/IndrabhushanJ/blocklist-p/blob/81d0ab2fce79cbbf3959dba960b35841544a8566/adblock_part_471.txt",
      "score": 1.0,
      "source": "GitHub Code Search (API)"
    },
    {
      "type": "code",
      "name": "dart_enriched.json",
      "path": "data/yc_enriched/dart_enriched.json",
      "repository": "sirmaxworld/AI-Workspace",
      "url": "https://github.com/sirmaxworld/AI-Workspace/blob/c80b46afaa9c7fb59ff6f45a44adf53a6e216b6b/data/yc_enriched/dart_enriched.json",
      "score": 1.0,
      "source": "GitHub Code Search (API)"
    },
    {
      "type": "code",
      "name": "github_all_services_sorted.csv",
      "path": "github_all_services_sorted.csv",
      "repository": "nenseso/github-service-scraper",
      "url": "https://github.com/nenseso/github-service-scraper/blob/6ea68f2499b3941d671a84be3360214701f044de/github_all_services_sorted.csv",
      "score": 1.0,
      "source": "GitHub Code Search (API)"
    },
    {
      "type": "code",
      "name": "virus_total_results_2025-12-02_14-21.txt",
      "path": "VirusTotalResults/virus_total_results_2025-12-02_14-21.txt",
      "repository": "btfuhrma/CIS-540-Trend-Misuse",
      "url": "https://github.com/btfuhrma/CIS-540-Trend-Misuse/blob/6b4dd166cb460fc2d4405e69e0aae9432b55b742/VirusTotalResults/virus_total_results_2025-12-02_14-21.txt",
      "score": 1.0,
      "source": "GitHub Code Search (API)"
    },
    {
      "type": "code",
      "name": "07",
      "path": "06/15/07",
      "repository": "cirosantilli/expired-domain-names-by-day-2009",
      "url": "https://github.com/cirosantilli/expired-domain-names-by-day-2009/blob/03173d69d62225762abc1f7428ede40744ef58a0/06/15/07",
      "score": 1.0,
      "source": "GitHub Code Search (API)"
    },
    {
      "type": "code",
      "name": "folder-structure-blueprint.md",
      "path": "docs/architecture/folder-structure-blueprint.md",
      "repository": "tlejmi/ai-augmented-project-template",
      "url": "https://github.com/tlejmi/ai-augmented-project-template/blob/0205d35177c85b3c41b0762b85a9ef10b02465a3/docs/architecture/folder-structure-blueprint.md",
      "score": 1.0,
      "source": "GitHub Code Search (API)"
    },
    {
      "type": "code",
      "name": "Epic Prioritization_ RL vs Heuristics_.md",
      "path": "research/Epic Prioritization_ RL vs Heuristics_.md",
      "repository": "adrianwedd/adrianwedd",
      "url": "https://github.com/adrianwedd/adrianwedd/blob/bf23ae0bb8e3c69608df643203b7a4e37b73e59c/research/Epic%20Prioritization_%20RL%20vs%20Heuristics_.md",
      "score": 1.0,
      "source": "GitHub Code Search (API)"
    },
    {
      "type": "code",
      "name": "companies.csv",
      "path": "python/companies.csv",
      "repository": "rkendel1/Sources",
      "url": "https://github.com/rkendel1/Sources/blob/aa902ac7ca07e63aa257715d6d8abcb2eb4df5e1/python/companies.csv",
      "score": 1.0,
      "source": "GitHub Code Search (API)"
    },
    {
      "type": "code",
      "name": "research_decision_evidence_frameworks.md",
      "path": "claudedocs/research_decision_evidence_frameworks.md",
      "repository": "quanticsoul4772/mcp-langbase-reasoning",
      "url": "https://github.com/quanticsoul4772/mcp-langbase-reasoning/blob/7cb77e1ed44caadb9f298df1a9119c72221de2cd/claudedocs/research_decision_evidence_frameworks.md",
      "score": 1.0,
      "source": "GitHub Code Search (API)"
    },
    {
      "type": "code",
      "name": "adr-005-ai-output-organization-architecture.md",
      "path": "docs/architecture/adr-005-ai-output-organization-architecture.md",
      "repository": "tlejmi/ai-augmented-project-template",
      "url": "https://github.com/tlejmi/ai-augmented-project-template/blob/0205d35177c85b3c41b0762b85a9ef10b02465a3/docs/architecture/adr-005-ai-output-organization-architecture.md",
      "score": 1.0,
      "source": "GitHub Code Search (API)"
    },
    {
      "type": "code",
      "name": "dart_integration.md",
      "path": "docs/dart_integration.md",
      "repository": "jmanhype/MCPhoenix",
      "url": "https://github.com/jmanhype/MCPhoenix/blob/f0e1e57c722637eb60658b6f5ce546014cff0ff9/docs/dart_integration.md",
      "score": 1.0,
      "source": "GitHub Code Search (API)"
    }
  ]
}