{
  "metadata": {
    "module": "email_security",
    "target": "dartai.com",
    "timestamp": "2025-12-21T20:28:27.423160",
    "record_count": 1
  },
  "results": [
    {
      "domain": "dartai.com",
      "type": "primary_domain",
      "source_ip": null,
      "timestamp": "2025-12-21T20:28:12.891453",
      "spf": {
        "status": "valid",
        "record": "v=spf1 include:_spf.google.com ~all",
        "version": "v=spf1",
        "mechanisms": [
          "include:_spf.google.com"
        ],
        "all_mechanism": "~all",
        "include_count": 1,
        "dns_lookups": 1,
        "valid": true,
        "warnings": []
      },
      "dmarc": {
        "status": "valid",
        "record": "v=DMARC1; p=none; rua=mailto:dmarc-reports@dartai.com; ruf=mailto:dmarc-reports@dartai.com; pct=100; adkim=r; aspf=r;",
        "policy": "none",
        "subdomain_policy": null,
        "percentage": "100",
        "rua": [
          "mailto:dmarc-reports@dartai.com"
        ],
        "ruf": [
          "mailto:dmarc-reports@dartai.com"
        ],
        "valid": true,
        "warnings": [
          "Policy is \"none\" - monitoring only, not enforcing"
        ]
      },
      "dkim": {
        "status": "checked",
        "selectors_found": [
          "s1",
          "s2"
        ],
        "selectors_checked": [
          "default",
          "google",
          "k1",
          "s1",
          "s2",
          "selector1",
          "selector2",
          "dkim",
          "mail",
          "smtp",
          "email",
          "mx",
          "mandrill",
          "mailgun",
          "sendgrid"
        ],
        "records": {
          "s1": "k=rsa; t=s; p=MIIBIjANBgkqhkiG9w0BAQEFAAOCAQ8AMIIBCgKCAQEA2JYhkPCD4JQ2iAESGS4CCHF9wAktH6TVFp4wVSqRVw...",
          "s2": "k=rsa; t=s; p=MIIBIjANBgkqhkiG9w0BAQEFAAOCAQ8AMIIBCgKCAQEA4WCxSygWh5PoO09k2QswmklDtK8scMvJhHlEG1o0SH..."
        }
      },
      "mx": {
        "status": "found",
        "records": [
          {
            "priority": 1,
            "server": "aspmx.l.google.com"
          },
          {
            "priority": 5,
            "server": "alt1.aspmx.l.google.com"
          },
          {
            "priority": 5,
            "server": "alt2.aspmx.l.google.com"
          },
          {
            "priority": 10,
            "server": "alt3.aspmx.l.google.com"
          },
          {
            "priority": 10,
            "server": "alt4.aspmx.l.google.com"
          }
        ],
        "count": 5
      },
      "additional_records": {
        "bimi": null,
        "mta_sts": null,
        "tls_rpt": null,
        "dnsbl": []
      },
      "security_score": 75,
      "max_score": 100,
      "security_status": "Good",
      "recommendations": [
        "Email security configuration is properly implemented"
      ],
      "alternative_tools": {
        "online_tools": [
          "MXToolbox - https://mxtoolbox.com/SuperTool.aspx",
          "DMARCian - https://dmarcian.com/dmarc-inspector/",
          "DMARC Analyzer - https://www.dmarcanalyzer.com/dmarc/dmarc-record-check/",
          "Mail-Tester - https://www.mail-tester.com/",
          "Google Admin Toolbox - https://toolbox.googleapps.com/apps/checkmx/",
          "DKIM Validator - https://dkimvalidator.com/",
          "SPF Record Check - https://mxtoolbox.com/spf.aspx",
          "Postmark DMARC - https://dmarc.postmarkapp.com/",
          "EasyDMARC - https://easydmarc.com/tools/dmarc-lookup",
          "PowerDMARC - https://powerdmarc.com/dmarc-lookup/"
        ],
        "command_line_tools": [
          "dig (DNS queries)",
          "nslookup (DNS lookups)",
          "host (DNS lookups)",
          "dmarcian/dmarc-tester (CLI)",
          "swaks (SMTP testing)"
        ],
        "python_libraries": [
          "dnspython (DNS queries)",
          "checkdmarc (DMARC/SPF validation)",
          "dmarc-metrics-exporter",
          "pyspf (SPF validation)"
        ]
      },
      "email_services": [
        "Google Workspace"
      ]
    }
  ]
}