{
  "metadata": {
    "module": "social_media_enumeration",
    "target": "dartai.com",
    "timestamp": "2025-12-21T20:27:28.373410",
    "record_count": 104
  },
  "results": [
    {
      "platform": "twitter",
      "handle": "dartaihq",
      "url": "https://twitter.com/dartaihq",
      "verified": true,
      "icon": "🐦",
      "source": "Direct check"
    },
    {
      "platform": "facebook",
      "handle": "dartaihq",
      "url": "https://facebook.com/dartaihq",
      "verified": true,
      "icon": "📘",
      "source": "Direct check"
    },
    {
      "platform": "instagram",
      "handle": "dartaihq",
      "url": "https://instagram.com/dartaihq",
      "verified": true,
      "icon": "📷",
      "source": "Direct check"
    },
    {
      "platform": "pinterest",
      "handle": "dartaihq",
      "url": "https://pinterest.com/dartaihq",
      "verified": true,
      "icon": "📌",
      "source": "Direct check"
    },
    {
      "platform": "telegram",
      "handle": "dartaihq",
      "url": "https://t.me/dartaihq",
      "verified": true,
      "icon": "✈️",
      "source": "Direct check"
    },
    {
      "platform": "discord",
      "handle": "dartaihq",
      "url": "https://discord.gg/dartaihq",
      "verified": true,
      "icon": "🎮",
      "source": "Direct check"
    },
    {
      "platform": "twitter",
      "handle": "dartai",
      "url": "https://twitter.com/dartai",
      "verified": true,
      "icon": "🐦",
      "source": "Direct check"
    },
    {
      "platform": "facebook",
      "handle": "dartai",
      "url": "https://facebook.com/dartai",
      "verified": true,
      "icon": "📘",
      "source": "Direct check"
    },
    {
      "platform": "instagram",
      "handle": "dartai",
      "url": "https://instagram.com/dartai",
      "verified": true,
      "icon": "📷",
      "source": "Direct check"
    },
    {
      "platform": "github",
      "handle": "dartai",
      "url": "https://github.com/dartai",
      "verified": true,
      "followers": 0,
      "public_repos": 0,
      "icon": "🐙",
      "source": "GitHub API"
    },
    {
      "platform": "youtube",
      "handle": "dartai",
      "url": "https://youtube.com/@dartai",
      "verified": true,
      "icon": "📺",
      "source": "Direct check"
    },
    {
      "platform": "pinterest",
      "handle": "dartai",
      "url": "https://pinterest.com/dartai",
      "verified": true,
      "icon": "📌",
      "source": "Direct check"
    },
    {
      "platform": "telegram",
      "handle": "dartai",
      "url": "https://t.me/dartai",
      "verified": true,
      "icon": "✈️",
      "source": "Direct check"
    },
    {
      "platform": "discord",
      "handle": "dartai",
      "url": "https://discord.gg/dartai",
      "verified": true,
      "icon": "🎮",
      "source": "Direct check"
    },
    {
      "platform": "twitter",
      "handle": "dartaiofficial",
      "url": "https://twitter.com/dartaiofficial",
      "verified": true,
      "icon": "🐦",
      "source": "Direct check"
    },
    {
      "platform": "facebook",
      "handle": "dartaiofficial",
      "url": "https://facebook.com/dartaiofficial",
      "verified": true,
      "icon": "📘",
      "source": "Direct check"
    },
    {
      "platform": "instagram",
      "handle": "dartaiofficial",
      "url": "https://instagram.com/dartaiofficial",
      "verified": true,
      "icon": "📷",
      "source": "Direct check"
    },
    {
      "platform": "pinterest",
      "handle": "dartaiofficial",
      "url": "https://pinterest.com/dartaiofficial",
      "verified": true,
      "icon": "📌",
      "source": "Direct check"
    },
    {
      "platform": "telegram",
      "handle": "dartaiofficial",
      "url": "https://t.me/dartaiofficial",
      "verified": true,
      "icon": "✈️",
      "source": "Direct check"
    },
    {
      "platform": "discord",
      "handle": "dartaiofficial",
      "url": "https://discord.gg/dartaiofficial",
      "verified": true,
      "icon": "🎮",
      "source": "Direct check"
    },
    {
      "platform": "twitter",
      "url": "https://discord.gg/RExv8jEkSh",
      "handle": "RExv8jEkSh",
      "verified": true,
      "icon": "🐦",
      "source": "Website (dartai.com)"
    },
    {
      "platform": "facebook",
      "url": "https://discord.gg/RExv8jEkSh",
      "handle": "RExv8jEkSh",
      "verified": true,
      "icon": "📘",
      "source": "Website (dartai.com)"
    },
    {
      "platform": "instagram",
      "url": "https://discord.gg/RExv8jEkSh",
      "handle": "RExv8jEkSh",
      "verified": true,
      "icon": "📷",
      "source": "Website (dartai.com)"
    },
    {
      "platform": "linkedin",
      "url": "https://discord.gg/RExv8jEkSh",
      "handle": "RExv8jEkSh",
      "verified": true,
      "icon": "💼",
      "source": "Website (dartai.com)"
    },
    {
      "platform": "github",
      "url": "https://discord.gg/RExv8jEkSh",
      "handle": "RExv8jEkSh",
      "verified": true,
      "icon": "🐙",
      "source": "Website (dartai.com)"
    },
    {
      "platform": "youtube",
      "url": "https://discord.gg/RExv8jEkSh",
      "handle": "RExv8jEkSh",
      "verified": true,
      "icon": "📺",
      "source": "Website (dartai.com)"
    },
    {
      "platform": "reddit",
      "url": "https://discord.gg/RExv8jEkSh",
      "handle": "RExv8jEkSh",
      "verified": true,
      "icon": "🤖",
      "source": "Website (dartai.com)"
    },
    {
      "platform": "pinterest",
      "url": "https://discord.gg/RExv8jEkSh",
      "handle": "RExv8jEkSh",
      "verified": true,
      "icon": "📌",
      "source": "Website (dartai.com)"
    },
    {
      "platform": "tiktok",
      "url": "https://discord.gg/RExv8jEkSh",
      "handle": "RExv8jEkSh",
      "verified": true,
      "icon": "🎵",
      "source": "Website (dartai.com)"
    },
    {
      "platform": "medium",
      "url": "https://discord.gg/RExv8jEkSh",
      "handle": "RExv8jEkSh",
      "verified": true,
      "icon": "📝",
      "source": "Website (dartai.com)"
    },
    {
      "platform": "telegram",
      "url": "https://discord.gg/RExv8jEkSh",
      "handle": "RExv8jEkSh",
      "verified": true,
      "icon": "✈️",
      "source": "Website (dartai.com)"
    },
    {
      "platform": "discord",
      "url": "https://discord.gg/RExv8jEkSh",
      "handle": "RExv8jEkSh",
      "verified": true,
      "icon": "🎮",
      "source": "Website (dartai.com)"
    },
    {
      "platform": "twitter",
      "url": "https://www.reddit.com/r/dart_ai/",
      "handle": "",
      "verified": true,
      "icon": "🐦",
      "source": "Website (dartai.com)"
    },
    {
      "platform": "facebook",
      "url": "https://www.reddit.com/r/dart_ai/",
      "handle": "",
      "verified": true,
      "icon": "📘",
      "source": "Website (dartai.com)"
    },
    {
      "platform": "instagram",
      "url": "https://www.reddit.com/r/dart_ai/",
      "handle": "",
      "verified": true,
      "icon": "📷",
      "source": "Website (dartai.com)"
    },
    {
      "platform": "linkedin",
      "url": "https://www.reddit.com/r/dart_ai/",
      "handle": "",
      "verified": true,
      "icon": "💼",
      "source": "Website (dartai.com)"
    },
    {
      "platform": "github",
      "url": "https://www.reddit.com/r/dart_ai/",
      "handle": "",
      "verified": true,
      "icon": "🐙",
      "source": "Website (dartai.com)"
    },
    {
      "platform": "youtube",
      "url": "https://www.reddit.com/r/dart_ai/",
      "handle": "",
      "verified": true,
      "icon": "📺",
      "source": "Website (dartai.com)"
    },
    {
      "platform": "reddit",
      "url": "https://www.reddit.com/r/dart_ai/",
      "handle": "",
      "verified": true,
      "icon": "🤖",
      "source": "Website (dartai.com)"
    },
    {
      "platform": "pinterest",
      "url": "https://www.reddit.com/r/dart_ai/",
      "handle": "",
      "verified": true,
      "icon": "📌",
      "source": "Website (dartai.com)"
    },
    {
      "platform": "tiktok",
      "url": "https://www.reddit.com/r/dart_ai/",
      "handle": "",
      "verified": true,
      "icon": "🎵",
      "source": "Website (dartai.com)"
    },
    {
      "platform": "medium",
      "url": "https://www.reddit.com/r/dart_ai/",
      "handle": "",
      "verified": true,
      "icon": "📝",
      "source": "Website (dartai.com)"
    },
    {
      "platform": "telegram",
      "url": "https://www.reddit.com/r/dart_ai/",
      "handle": "",
      "verified": true,
      "icon": "✈️",
      "source": "Website (dartai.com)"
    },
    {
      "platform": "discord",
      "url": "https://www.reddit.com/r/dart_ai/",
      "handle": "",
      "verified": true,
      "icon": "🎮",
      "source": "Website (dartai.com)"
    },
    {
      "platform": "twitter",
      "url": "https://www.linkedin.com/company/dart-ai",
      "handle": "dart-ai",
      "verified": true,
      "icon": "🐦",
      "source": "Website (dartai.com)"
    },
    {
      "platform": "facebook",
      "url": "https://www.linkedin.com/company/dart-ai",
      "handle": "dart-ai",
      "verified": true,
      "icon": "📘",
      "source": "Website (dartai.com)"
    },
    {
      "platform": "instagram",
      "url": "https://www.linkedin.com/company/dart-ai",
      "handle": "dart-ai",
      "verified": true,
      "icon": "📷",
      "source": "Website (dartai.com)"
    },
    {
      "platform": "linkedin",
      "url": "https://www.linkedin.com/company/dart-ai",
      "handle": "dart-ai",
      "verified": true,
      "icon": "💼",
      "source": "Website (dartai.com)"
    },
    {
      "platform": "github",
      "url": "https://www.linkedin.com/company/dart-ai",
      "handle": "dart-ai",
      "verified": true,
      "icon": "🐙",
      "source": "Website (dartai.com)"
    },
    {
      "platform": "youtube",
      "url": "https://www.linkedin.com/company/dart-ai",
      "handle": "dart-ai",
      "verified": true,
      "icon": "📺",
      "source": "Website (dartai.com)"
    },
    {
      "platform": "reddit",
      "url": "https://www.linkedin.com/company/dart-ai",
      "handle": "dart-ai",
      "verified": true,
      "icon": "🤖",
      "source": "Website (dartai.com)"
    },
    {
      "platform": "pinterest",
      "url": "https://www.linkedin.com/company/dart-ai",
      "handle": "dart-ai",
      "verified": true,
      "icon": "📌",
      "source": "Website (dartai.com)"
    },
    {
      "platform": "tiktok",
      "url": "https://www.linkedin.com/company/dart-ai",
      "handle": "dart-ai",
      "verified": true,
      "icon": "🎵",
      "source": "Website (dartai.com)"
    },
    {
      "platform": "medium",
      "url": "https://www.linkedin.com/company/dart-ai",
      "handle": "dart-ai",
      "verified": true,
      "icon": "📝",
      "source": "Website (dartai.com)"
    },
    {
      "platform": "telegram",
      "url": "https://www.linkedin.com/company/dart-ai",
      "handle": "dart-ai",
      "verified": true,
      "icon": "✈️",
      "source": "Website (dartai.com)"
    },
    {
      "platform": "discord",
      "url": "https://www.linkedin.com/company/dart-ai",
      "handle": "dart-ai",
      "verified": true,
      "icon": "🎮",
      "source": "Website (dartai.com)"
    },
    {
      "platform": "twitter",
      "url": "https://twitter.com/its_dart",
      "handle": "its_dart",
      "verified": true,
      "icon": "🐦",
      "source": "Website (dartai.com)"
    },
    {
      "platform": "facebook",
      "url": "https://twitter.com/its_dart",
      "handle": "its_dart",
      "verified": true,
      "icon": "📘",
      "source": "Website (dartai.com)"
    },
    {
      "platform": "instagram",
      "url": "https://twitter.com/its_dart",
      "handle": "its_dart",
      "verified": true,
      "icon": "📷",
      "source": "Website (dartai.com)"
    },
    {
      "platform": "linkedin",
      "url": "https://twitter.com/its_dart",
      "handle": "its_dart",
      "verified": true,
      "icon": "💼",
      "source": "Website (dartai.com)"
    },
    {
      "platform": "github",
      "url": "https://twitter.com/its_dart",
      "handle": "its_dart",
      "verified": true,
      "icon": "🐙",
      "source": "Website (dartai.com)"
    },
    {
      "platform": "youtube",
      "url": "https://twitter.com/its_dart",
      "handle": "its_dart",
      "verified": true,
      "icon": "📺",
      "source": "Website (dartai.com)"
    },
    {
      "platform": "reddit",
      "url": "https://twitter.com/its_dart",
      "handle": "its_dart",
      "verified": true,
      "icon": "🤖",
      "source": "Website (dartai.com)"
    },
    {
      "platform": "pinterest",
      "url": "https://twitter.com/its_dart",
      "handle": "its_dart",
      "verified": true,
      "icon": "📌",
      "source": "Website (dartai.com)"
    },
    {
      "platform": "tiktok",
      "url": "https://twitter.com/its_dart",
      "handle": "its_dart",
      "verified": true,
      "icon": "🎵",
      "source": "Website (dartai.com)"
    },
    {
      "platform": "medium",
      "url": "https://twitter.com/its_dart",
      "handle": "its_dart",
      "verified": true,
      "icon": "📝",
      "source": "Website (dartai.com)"
    },
    {
      "platform": "telegram",
      "url": "https://twitter.com/its_dart",
      "handle": "its_dart",
      "verified": true,
      "icon": "✈️",
      "source": "Website (dartai.com)"
    },
    {
      "platform": "discord",
      "url": "https://twitter.com/its_dart",
      "handle": "its_dart",
      "verified": true,
      "icon": "🎮",
      "source": "Website (dartai.com)"
    },
    {
      "platform": "twitter",
      "url": "https://www.instagram.com/dartappofficial/",
      "handle": "",
      "verified": true,
      "icon": "🐦",
      "source": "Website (dartai.com)"
    },
    {
      "platform": "facebook",
      "url": "https://www.instagram.com/dartappofficial/",
      "handle": "",
      "verified": true,
      "icon": "📘",
      "source": "Website (dartai.com)"
    },
    {
      "platform": "instagram",
      "url": "https://www.instagram.com/dartappofficial/",
      "handle": "",
      "verified": true,
      "icon": "📷",
      "source": "Website (dartai.com)"
    },
    {
      "platform": "linkedin",
      "url": "https://www.instagram.com/dartappofficial/",
      "handle": "",
      "verified": true,
      "icon": "💼",
      "source": "Website (dartai.com)"
    },
    {
      "platform": "github",
      "url": "https://www.instagram.com/dartappofficial/",
      "handle": "",
      "verified": true,
      "icon": "🐙",
      "source": "Website (dartai.com)"
    },
    {
      "platform": "youtube",
      "url": "https://www.instagram.com/dartappofficial/",
      "handle": "",
      "verified": true,
      "icon": "📺",
      "source": "Website (dartai.com)"
    },
    {
      "platform": "reddit",
      "url": "https://www.instagram.com/dartappofficial/",
      "handle": "",
      "verified": true,
      "icon": "🤖",
      "source": "Website (dartai.com)"
    },
    {
      "platform": "pinterest",
      "url": "https://www.instagram.com/dartappofficial/",
      "handle": "",
      "verified": true,
      "icon": "📌",
      "source": "Website (dartai.com)"
    },
    {
      "platform": "tiktok",
      "url": "https://www.instagram.com/dartappofficial/",
      "handle": "",
      "verified": true,
      "icon": "🎵",
      "source": "Website (dartai.com)"
    },
    {
      "platform": "medium",
      "url": "https://www.instagram.com/dartappofficial/",
      "handle": "",
      "verified": true,
      "icon": "📝",
      "source": "Website (dartai.com)"
    },
    {
      "platform": "telegram",
      "url": "https://www.instagram.com/dartappofficial/",
      "handle": "",
      "verified": true,
      "icon": "✈️",
      "source": "Website (dartai.com)"
    },
    {
      "platform": "discord",
      "url": "https://www.instagram.com/dartappofficial/",
      "handle": "",
      "verified": true,
      "icon": "🎮",
      "source": "Website (dartai.com)"
    },
    {
      "platform": "twitter",
      "url": "https://www.youtube.com/@dart-ai",
      "handle": "@dart-ai",
      "verified": true,
      "icon": "🐦",
      "source": "Website (dartai.com)"
    },
    {
      "platform": "facebook",
      "url": "https://www.youtube.com/@dart-ai",
      "handle": "@dart-ai",
      "verified": true,
      "icon": "📘",
      "source": "Website (dartai.com)"
    },
    {
      "platform": "instagram",
      "url": "https://www.youtube.com/@dart-ai",
      "handle": "@dart-ai",
      "verified": true,
      "icon": "📷",
      "source": "Website (dartai.com)"
    },
    {
      "platform": "linkedin",
      "url": "https://www.youtube.com/@dart-ai",
      "handle": "@dart-ai",
      "verified": true,
      "icon": "💼",
      "source": "Website (dartai.com)"
    },
    {
      "platform": "github",
      "url": "https://www.youtube.com/@dart-ai",
      "handle": "@dart-ai",
      "verified": true,
      "icon": "🐙",
      "source": "Website (dartai.com)"
    },
    {
      "platform": "youtube",
      "url": "https://www.youtube.com/@dart-ai",
      "handle": "@dart-ai",
      "verified": true,
      "icon": "📺",
      "source": "Website (dartai.com)"
    },
    {
      "platform": "reddit",
      "url": "https://www.youtube.com/@dart-ai",
      "handle": "@dart-ai",
      "verified": true,
      "icon": "🤖",
      "source": "Website (dartai.com)"
    },
    {
      "platform": "pinterest",
      "url": "https://www.youtube.com/@dart-ai",
      "handle": "@dart-ai",
      "verified": true,
      "icon": "📌",
      "source": "Website (dartai.com)"
    },
    {
      "platform": "tiktok",
      "url": "https://www.youtube.com/@dart-ai",
      "handle": "@dart-ai",
      "verified": true,
      "icon": "🎵",
      "source": "Website (dartai.com)"
    },
    {
      "platform": "medium",
      "url": "https://www.youtube.com/@dart-ai",
      "handle": "@dart-ai",
      "verified": true,
      "icon": "📝",
      "source": "Website (dartai.com)"
    },
    {
      "platform": "telegram",
      "url": "https://www.youtube.com/@dart-ai",
      "handle": "@dart-ai",
      "verified": true,
      "icon": "✈️",
      "source": "Website (dartai.com)"
    },
    {
      "platform": "discord",
      "url": "https://www.youtube.com/@dart-ai",
      "handle": "@dart-ai",
      "verified": true,
      "icon": "🎮",
      "source": "Website (dartai.com)"
    },
    {
      "platform": "twitter",
      "url": "https://tiktok.com/@dart_ai",
      "handle": "@dart_ai",
      "verified": true,
      "icon": "🐦",
      "source": "Website (dartai.com)"
    },
    {
      "platform": "facebook",
      "url": "https://tiktok.com/@dart_ai",
      "handle": "@dart_ai",
      "verified": true,
      "icon": "📘",
      "source": "Website (dartai.com)"
    },
    {
      "platform": "instagram",
      "url": "https://tiktok.com/@dart_ai",
      "handle": "@dart_ai",
      "verified": true,
      "icon": "📷",
      "source": "Website (dartai.com)"
    },
    {
      "platform": "linkedin",
      "url": "https://tiktok.com/@dart_ai",
      "handle": "@dart_ai",
      "verified": true,
      "icon": "💼",
      "source": "Website (dartai.com)"
    },
    {
      "platform": "github",
      "url": "https://tiktok.com/@dart_ai",
      "handle": "@dart_ai",
      "verified": true,
      "icon": "🐙",
      "source": "Website (dartai.com)"
    },
    {
      "platform": "youtube",
      "url": "https://tiktok.com/@dart_ai",
      "handle": "@dart_ai",
      "verified": true,
      "icon": "📺",
      "source": "Website (dartai.com)"
    },
    {
      "platform": "reddit",
      "url": "https://tiktok.com/@dart_ai",
      "handle": "@dart_ai",
      "verified": true,
      "icon": "🤖",
      "source": "Website (dartai.com)"
    },
    {
      "platform": "pinterest",
      "url": "https://tiktok.com/@dart_ai",
      "handle": "@dart_ai",
      "verified": true,
      "icon": "📌",
      "source": "Website (dartai.com)"
    },
    {
      "platform": "tiktok",
      "url": "https://tiktok.com/@dart_ai",
      "handle": "@dart_ai",
      "verified": true,
      "icon": "🎵",
      "source": "Website (dartai.com)"
    },
    {
      "platform": "medium",
      "url": "https://tiktok.com/@dart_ai",
      "handle": "@dart_ai",
      "verified": true,
      "icon": "📝",
      "source": "Website (dartai.com)"
    },
    {
      "platform": "telegram",
      "url": "https://tiktok.com/@dart_ai",
      "handle": "@dart_ai",
      "verified": true,
      "icon": "✈️",
      "source": "Website (dartai.com)"
    },
    {
      "platform": "discord",
      "url": "https://tiktok.com/@dart_ai",
      "handle": "@dart_ai",
      "verified": true,
      "icon": "🎮",
      "source": "Website (dartai.com)"
    }
  ]
}