{
  "metadata": {
    "module": "shodan_search",
    "target": "dartai.com",
    "timestamp": "2025-12-18T14:42:04.794187",
    "record_count": 14
  },
  "results": [
    {
      "ip": "198.202.211.1",
      "ports": "2096, 2082, 2083, 2052, 2053, 2086, 2087, 2095, 80, 8880, 8080, 8443, 443",
      "hostnames": "",
      "domains": "",
      "organization": "Webflow, Inc",
      "asn": "AS209242",
      "country": "Germany",
      "city": "Berlin",
      "os": null,
      "last_update": "2025-12-18T04:09:01.971400",
      "source": "Shodan (Direct)"
    },
    {
      "ip": "198.202.211.1",
      "port": 80,
      "transport": "tcp",
      "service": "CloudFlare",
      "version": "N/A",
      "banner": "HTTP/1.1 403 Forbidden\r\nDate: Wed, 17 Dec 2025 20:16:53 GMT\r\nContent-Type: text/html; charset=UTF-8\r\nContent-Length: 6236\r\nConnection: close\r\nX-Frame-Options: SAMEORIGIN\r\nReferrer-Policy: same-origin\r",
      "organization": "Webflow, Inc",
      "os": null,
      "timestamp": "2025-12-17T20:16:53.717563",
      "source": "Shodan (Service Detail)"
    },
    {
      "ip": "198.202.211.1",
      "port": 443,
      "transport": "tcp",
      "service": "CloudFlare",
      "version": "N/A",
      "banner": "HTTP/1.1 400 Bad Request\r\nServer: cloudflare\r\nDate: Wed, 17 Dec 2025 17:40:58 GMT\r\nContent-Type: text/html\r\nContent-Length: 655\r\nConnection: close\r\nCF-RAY: -\r\n\r\n",
      "organization": "Webflow, Inc",
      "os": null,
      "timestamp": "2025-12-17T17:40:58.782863",
      "source": "Shodan (Service Detail)"
    },
    {
      "ip": "198.202.211.1",
      "port": 2052,
      "transport": "tcp",
      "service": "unknown",
      "version": "N/A",
      "banner": "HTTP/1.1 403 Forbidden\r\nDate: Wed, 17 Dec 2025 00:09:47 GMT\r\nContent-Type: text/html; charset=UTF-8\r\nContent-Length: 6235\r\nConnection: close\r\nX-Frame-Options: SAMEORIGIN\r\nReferrer-Policy: same-origin\r",
      "organization": "Webflow, Inc",
      "os": null,
      "timestamp": "2025-12-17T00:09:47.475610",
      "source": "Shodan (Service Detail)"
    },
    {
      "ip": "198.202.211.1",
      "port": 2053,
      "transport": "tcp",
      "service": "unknown",
      "version": "N/A",
      "banner": "HTTP/1.1 400 Bad Request\r\nServer: cloudflare\r\nDate: Wed, 17 Dec 2025 18:43:06 GMT\r\nContent-Type: text/html\r\nContent-Length: 655\r\nConnection: close\r\nCF-RAY: -\r\n\r\n",
      "organization": "Webflow, Inc",
      "os": null,
      "timestamp": "2025-12-17T18:46:19.797177",
      "source": "Shodan (Service Detail)"
    },
    {
      "ip": "198.202.211.1",
      "port": 2082,
      "transport": "tcp",
      "service": "unknown",
      "version": "N/A",
      "banner": "HTTP/1.1 403 Forbidden\r\nDate: Wed, 17 Dec 2025 16:35:02 GMT\r\nContent-Type: text/html; charset=UTF-8\r\nContent-Length: 6237\r\nConnection: close\r\nX-Frame-Options: SAMEORIGIN\r\nReferrer-Policy: same-origin\r",
      "organization": "Webflow, Inc",
      "os": null,
      "timestamp": "2025-12-17T16:35:02.172783",
      "source": "Shodan (Service Detail)"
    },
    {
      "ip": "198.202.211.1",
      "port": 2083,
      "transport": "tcp",
      "service": "unknown",
      "version": "N/A",
      "banner": "HTTP/1.1 400 Bad Request\r\nServer: cloudflare\r\nDate: Thu, 18 Dec 2025 01:59:06 GMT\r\nContent-Type: text/html\r\nContent-Length: 655\r\nConnection: close\r\nCF-RAY: -\r\n\r\n",
      "organization": "Webflow, Inc",
      "os": null,
      "timestamp": "2025-12-18T01:59:07.971265",
      "source": "Shodan (Service Detail)"
    },
    {
      "ip": "198.202.211.1",
      "port": 2086,
      "transport": "tcp",
      "service": "unknown",
      "version": "N/A",
      "banner": "HTTP/1.1 403 Forbidden\r\nDate: Thu, 18 Dec 2025 00:44:04 GMT\r\nContent-Type: text/html; charset=UTF-8\r\nContent-Length: 6234\r\nConnection: close\r\nX-Frame-Options: SAMEORIGIN\r\nReferrer-Policy: same-origin\r",
      "organization": "Webflow, Inc",
      "os": null,
      "timestamp": "2025-12-18T00:44:04.089258",
      "source": "Shodan (Service Detail)"
    },
    {
      "ip": "198.202.211.1",
      "port": 2087,
      "transport": "tcp",
      "service": "unknown",
      "version": "N/A",
      "banner": "HTTP/1.1 400 Bad Request\r\nServer: cloudflare\r\nDate: Wed, 17 Dec 2025 22:55:34 GMT\r\nContent-Type: text/html\r\nContent-Length: 655\r\nConnection: close\r\nCF-RAY: -\r\n\r\n",
      "organization": "Webflow, Inc",
      "os": null,
      "timestamp": "2025-12-17T22:55:34.615573",
      "source": "Shodan (Service Detail)"
    },
    {
      "ip": "198.202.211.1",
      "port": 2095,
      "transport": "tcp",
      "service": "unknown",
      "version": "N/A",
      "banner": "HTTP/1.1 403 Forbidden\r\nDate: Thu, 18 Dec 2025 04:09:01 GMT\r\nContent-Type: text/html; charset=UTF-8\r\nContent-Length: 6234\r\nConnection: close\r\nX-Frame-Options: SAMEORIGIN\r\nReferrer-Policy: same-origin\r",
      "organization": "Webflow, Inc",
      "os": null,
      "timestamp": "2025-12-18T04:09:01.971400",
      "source": "Shodan (Service Detail)"
    },
    {
      "ip": "198.202.211.1",
      "port": 2096,
      "transport": "tcp",
      "service": "unknown",
      "version": "N/A",
      "banner": "HTTP/1.1 400 Bad Request\r\nServer: cloudflare\r\nDate: Wed, 17 Dec 2025 17:15:29 GMT\r\nContent-Type: text/html\r\nContent-Length: 655\r\nConnection: close\r\nCF-RAY: -\r\n\r\n",
      "organization": "Webflow, Inc",
      "os": null,
      "timestamp": "2025-12-17T17:15:29.842350",
      "source": "Shodan (Service Detail)"
    },
    {
      "ip": "198.202.211.1",
      "port": 8080,
      "transport": "tcp",
      "service": "CloudFlare",
      "version": "N/A",
      "banner": "HTTP/1.1 403 Forbidden\r\nDate: Wed, 17 Dec 2025 17:26:46 GMT\r\nContent-Type: text/html; charset=UTF-8\r\nContent-Length: 6234\r\nConnection: close\r\nX-Frame-Options: SAMEORIGIN\r\nReferrer-Policy: same-origin\r",
      "organization": "Webflow, Inc",
      "os": null,
      "timestamp": "2025-12-17T17:26:47.366891",
      "source": "Shodan (Service Detail)"
    },
    {
      "ip": "198.202.211.1",
      "port": 8443,
      "transport": "tcp",
      "service": "CloudFlare",
      "version": "N/A",
      "banner": "HTTP/1.1 400 Bad Request\r\nServer: cloudflare\r\nDate: Wed, 17 Dec 2025 21:12:14 GMT\r\nContent-Type: text/html\r\nContent-Length: 655\r\nConnection: close\r\nCF-RAY: -\r\n\r\n",
      "organization": "Webflow, Inc",
      "os": null,
      "timestamp": "2025-12-17T21:12:14.903014",
      "source": "Shodan (Service Detail)"
    },
    {
      "ip": "198.202.211.1",
      "port": 8880,
      "transport": "tcp",
      "service": "unknown",
      "version": "N/A",
      "banner": "HTTP/1.1 403 Forbidden\r\nDate: Wed, 17 Dec 2025 21:24:00 GMT\r\nContent-Type: text/plain; charset=UTF-8\r\nContent-Length: 16\r\nConnection: close\r\nX-Frame-Options: SAMEORIGIN\r\nReferrer-Policy: same-origin\r\n",
      "organization": "Webflow, Inc",
      "os": null,
      "timestamp": "2025-12-17T21:24:01.107106",
      "source": "Shodan (Service Detail)"
    }
  ]
}