{
  "metadata": {
    "module": "shodan_search",
    "target": "dartai.com",
    "timestamp": "2025-12-21T20:24:10.633634",
    "record_count": 14
  },
  "results": [
    {
      "ip": "198.202.211.1",
      "ports": "2096, 2082, 2083, 2052, 2053, 2086, 2087, 2095, 80, 8880, 8080, 8443, 443",
      "hostnames": "",
      "domains": "",
      "organization": "Webflow, Inc",
      "asn": "AS209242",
      "country": "Germany",
      "city": "Berlin",
      "os": null,
      "last_update": "2025-12-21T11:55:25.529532",
      "source": "Shodan (Direct)"
    },
    {
      "ip": "198.202.211.1",
      "port": 80,
      "transport": "tcp",
      "service": "CloudFlare",
      "version": "N/A",
      "banner": "HTTP/1.1 403 Forbidden\r\nDate: Sat, 20 Dec 2025 18:23:28 GMT\r\nContent-Type: text/html; charset=UTF-8\r\nContent-Length: 6235\r\nConnection: close\r\nX-Frame-Options: SAMEORIGIN\r\nReferrer-Policy: same-origin\r",
      "organization": "Webflow, Inc",
      "os": null,
      "timestamp": "2025-12-20T18:24:02.084960",
      "source": "Shodan (Service Detail)"
    },
    {
      "ip": "198.202.211.1",
      "port": 443,
      "transport": "tcp",
      "service": "CloudFlare",
      "version": "N/A",
      "banner": "HTTP/1.1 400 Bad Request\r\nServer: cloudflare\r\nDate: Sun, 21 Dec 2025 11:18:53 GMT\r\nContent-Type: text/html\r\nContent-Length: 655\r\nConnection: close\r\nCF-RAY: -\r\n\r\n",
      "organization": "Webflow, Inc",
      "os": null,
      "timestamp": "2025-12-21T11:18:53.599332",
      "source": "Shodan (Service Detail)"
    },
    {
      "ip": "198.202.211.1",
      "port": 2052,
      "transport": "tcp",
      "service": "unknown",
      "version": "N/A",
      "banner": "HTTP/1.1 403 Forbidden\r\nDate: Wed, 17 Dec 2025 00:09:47 GMT\r\nContent-Type: text/html; charset=UTF-8\r\nContent-Length: 6235\r\nConnection: close\r\nX-Frame-Options: SAMEORIGIN\r\nReferrer-Policy: same-origin\r",
      "organization": "Webflow, Inc",
      "os": null,
      "timestamp": "2025-12-17T00:09:47.475610",
      "source": "Shodan (Service Detail)"
    },
    {
      "ip": "198.202.211.1",
      "port": 2053,
      "transport": "tcp",
      "service": "unknown",
      "version": "N/A",
      "banner": "HTTP/1.1 400 Bad Request\r\nServer: cloudflare\r\nDate: Sat, 20 Dec 2025 16:44:57 GMT\r\nContent-Type: text/html\r\nContent-Length: 655\r\nConnection: close\r\nCF-RAY: -\r\n\r\n",
      "organization": "Webflow, Inc",
      "os": null,
      "timestamp": "2025-12-20T16:44:01.188302",
      "source": "Shodan (Service Detail)"
    },
    {
      "ip": "198.202.211.1",
      "port": 2082,
      "transport": "tcp",
      "service": "unknown",
      "version": "N/A",
      "banner": "HTTP/1.1 403 Forbidden\r\nDate: Sun, 21 Dec 2025 10:28:47 GMT\r\nContent-Type: text/html; charset=UTF-8\r\nContent-Length: 6235\r\nConnection: close\r\nX-Frame-Options: SAMEORIGIN\r\nReferrer-Policy: same-origin\r",
      "organization": "Webflow, Inc",
      "os": null,
      "timestamp": "2025-12-21T10:29:21.649440",
      "source": "Shodan (Service Detail)"
    },
    {
      "ip": "198.202.211.1",
      "port": 2083,
      "transport": "tcp",
      "service": "unknown",
      "version": "N/A",
      "banner": "HTTP/1.1 400 Bad Request\r\nServer: cloudflare\r\nDate: Sun, 21 Dec 2025 09:09:32 GMT\r\nContent-Type: text/html\r\nContent-Length: 655\r\nConnection: close\r\nCF-RAY: -\r\n\r\n",
      "organization": "Webflow, Inc",
      "os": null,
      "timestamp": "2025-12-21T09:09:32.153255",
      "source": "Shodan (Service Detail)"
    },
    {
      "ip": "198.202.211.1",
      "port": 2086,
      "transport": "tcp",
      "service": "unknown",
      "version": "N/A",
      "banner": "HTTP/1.1 403 Forbidden\r\nDate: Sun, 21 Dec 2025 08:58:35 GMT\r\nContent-Type: text/html; charset=UTF-8\r\nContent-Length: 6235\r\nConnection: close\r\nX-Frame-Options: SAMEORIGIN\r\nReferrer-Policy: same-origin\r",
      "organization": "Webflow, Inc",
      "os": null,
      "timestamp": "2025-12-21T08:58:19.331386",
      "source": "Shodan (Service Detail)"
    },
    {
      "ip": "198.202.211.1",
      "port": 2087,
      "transport": "tcp",
      "service": "unknown",
      "version": "N/A",
      "banner": "HTTP/1.1 400 Bad Request\r\nServer: cloudflare\r\nDate: Sun, 21 Dec 2025 08:36:03 GMT\r\nContent-Type: text/html\r\nContent-Length: 655\r\nConnection: close\r\nCF-RAY: -\r\n\r\n",
      "organization": "Webflow, Inc",
      "os": null,
      "timestamp": "2025-12-21T08:36:04.008087",
      "source": "Shodan (Service Detail)"
    },
    {
      "ip": "198.202.211.1",
      "port": 2095,
      "transport": "tcp",
      "service": "unknown",
      "version": "N/A",
      "banner": "HTTP/1.1 403 Forbidden\r\nDate: Thu, 18 Dec 2025 04:09:01 GMT\r\nContent-Type: text/html; charset=UTF-8\r\nContent-Length: 6234\r\nConnection: close\r\nX-Frame-Options: SAMEORIGIN\r\nReferrer-Policy: same-origin\r",
      "organization": "Webflow, Inc",
      "os": null,
      "timestamp": "2025-12-18T04:09:01.971400",
      "source": "Shodan (Service Detail)"
    },
    {
      "ip": "198.202.211.1",
      "port": 2096,
      "transport": "tcp",
      "service": "unknown",
      "version": "N/A",
      "banner": "HTTP/1.1 400 Bad Request\r\nServer: cloudflare\r\nDate: Wed, 17 Dec 2025 17:15:29 GMT\r\nContent-Type: text/html\r\nContent-Length: 655\r\nConnection: close\r\nCF-RAY: -\r\n\r\n",
      "organization": "Webflow, Inc",
      "os": null,
      "timestamp": "2025-12-17T17:15:29.842350",
      "source": "Shodan (Service Detail)"
    },
    {
      "ip": "198.202.211.1",
      "port": 8080,
      "transport": "tcp",
      "service": "CloudFlare",
      "version": "N/A",
      "banner": "HTTP/1.1 403 Forbidden\r\nDate: Sun, 21 Dec 2025 11:55:25 GMT\r\nContent-Type: text/html; charset=UTF-8\r\nContent-Length: 6233\r\nConnection: close\r\nX-Frame-Options: SAMEORIGIN\r\nReferrer-Policy: same-origin\r",
      "organization": "Webflow, Inc",
      "os": null,
      "timestamp": "2025-12-21T11:55:25.529532",
      "source": "Shodan (Service Detail)"
    },
    {
      "ip": "198.202.211.1",
      "port": 8443,
      "transport": "tcp",
      "service": "CloudFlare",
      "version": "N/A",
      "banner": "HTTP/1.1 400 Bad Request\r\nServer: cloudflare\r\nDate: Sun, 21 Dec 2025 11:21:42 GMT\r\nContent-Type: text/html\r\nContent-Length: 655\r\nConnection: close\r\nCF-RAY: -\r\n\r\n",
      "organization": "Webflow, Inc",
      "os": null,
      "timestamp": "2025-12-21T11:20:32.085816",
      "source": "Shodan (Service Detail)"
    },
    {
      "ip": "198.202.211.1",
      "port": 8880,
      "transport": "tcp",
      "service": "unknown",
      "version": "N/A",
      "banner": "HTTP/1.1 403 Forbidden\r\nDate: Sun, 21 Dec 2025 09:20:37 GMT\r\nContent-Type: text/plain; charset=UTF-8\r\nContent-Length: 16\r\nConnection: close\r\nX-Frame-Options: SAMEORIGIN\r\nReferrer-Policy: same-origin\r\n",
      "organization": "Webflow, Inc",
      "os": null,
      "timestamp": "2025-12-21T09:20:37.254235",
      "source": "Shodan (Service Detail)"
    }
  ]
}