{
  "metadata": {
    "module": "certificate_search",
    "target": "dartai.com",
    "timestamp": "2025-12-18T14:42:02.316251",
    "record_count": 180
  },
  "results": [
    {
      "id": 23108070126,
      "logged_at": "2025-12-14T07:13:03.181",
      "not_before": "2025-12-14T06:13:02",
      "not_after": "2026-03-14T07:04:14",
      "common_name": "gtm.dartai.com",
      "matching_identities": "gtm.dartai.com",
      "issuer": "C=US, O=Google Trust Services, CN=WR3",
      "source": "crt.sh"
    },
    {
      "id": 23072515637,
      "logged_at": "2025-12-12T10:41:23.454",
      "not_before": "2025-12-12T09:42:53",
      "not_after": "2026-03-12T09:42:52",
      "common_name": "changelog.dartai.com",
      "matching_identities": "changelog.dartai.com",
      "issuer": "C=US, O=Let's Encrypt, CN=E8",
      "source": "crt.sh"
    },
    {
      "id": 23072516498,
      "logged_at": "2025-12-12T10:41:23.161",
      "not_before": "2025-12-12T09:42:53",
      "not_after": "2026-03-12T09:42:52",
      "common_name": "changelog.dartai.com",
      "matching_identities": "changelog.dartai.com",
      "issuer": "C=US, O=Let's Encrypt, CN=E8",
      "source": "crt.sh"
    },
    {
      "id": 22941432207,
      "logged_at": "2025-12-06T23:35:03.22",
      "not_before": "2025-12-06T22:34:12",
      "not_after": "2026-03-06T23:32:58",
      "common_name": "help.dartai.com",
      "matching_identities": "help.dartai.com",
      "issuer": "C=US, O=Google Trust Services, CN=WR1",
      "source": "crt.sh"
    },
    {
      "id": 22941429976,
      "logged_at": "2025-12-06T23:34:28.704",
      "not_before": "2025-12-06T22:34:28",
      "not_after": "2026-03-06T23:34:18",
      "common_name": "help.dartai.com",
      "matching_identities": "help.dartai.com",
      "issuer": "C=US, O=Google Trust Services, CN=WE1",
      "source": "crt.sh"
    },
    {
      "id": 22968987267,
      "logged_at": "2025-12-06T23:34:13.356",
      "not_before": "2025-12-06T22:34:12",
      "not_after": "2026-03-06T23:32:58",
      "common_name": "help.dartai.com",
      "matching_identities": "help.dartai.com",
      "issuer": "C=US, O=Google Trust Services, CN=WR1",
      "source": "crt.sh"
    },
    {
      "id": 22926996404,
      "logged_at": "2025-12-05T20:56:11.131",
      "not_before": "2025-12-05T19:57:38",
      "not_after": "2026-03-05T19:57:37",
      "common_name": "app.dartai.com",
      "matching_identities": "app.dartai.com\npomodoro.dartai.com",
      "issuer": "C=US, O=Let's Encrypt, CN=R12",
      "source": "crt.sh"
    },
    {
      "id": 22945948019,
      "logged_at": "2025-12-05T20:56:08.859",
      "not_before": "2025-12-05T19:57:38",
      "not_after": "2026-03-05T19:57:37",
      "common_name": "app.dartai.com",
      "matching_identities": "app.dartai.com\npomodoro.dartai.com",
      "issuer": "C=US, O=Let's Encrypt, CN=R12",
      "source": "crt.sh"
    },
    {
      "id": 22917957953,
      "logged_at": "2025-12-05T19:05:22.771",
      "not_before": "2025-12-05T18:03:59",
      "not_after": "2026-03-05T19:03:50",
      "common_name": "dartai.com",
      "matching_identities": "dartai.com",
      "issuer": "C=US, O=Google Trust Services, CN=WE1",
      "source": "crt.sh"
    },
    {
      "id": 22947677687,
      "logged_at": "2025-12-05T19:03:59.774",
      "not_before": "2025-12-05T18:03:59",
      "not_after": "2026-03-05T19:03:50",
      "common_name": "dartai.com",
      "matching_identities": "dartai.com",
      "issuer": "C=US, O=Google Trust Services, CN=WE1",
      "source": "crt.sh"
    },
    {
      "id": 22944571418,
      "logged_at": "2025-12-05T19:03:44.76",
      "not_before": "2025-12-05T18:03:44",
      "not_after": "2026-03-05T19:02:27",
      "common_name": "dartai.com",
      "matching_identities": "dartai.com",
      "issuer": "C=US, O=Google Trust Services, CN=WR1",
      "source": "crt.sh"
    },
    {
      "id": 22915152537,
      "logged_at": "2025-12-05T14:15:58.889",
      "not_before": "2025-12-05T13:14:50",
      "not_after": "2026-03-05T14:14:45",
      "common_name": "www.dartai.com",
      "matching_identities": "www.dartai.com",
      "issuer": "C=US, O=Google Trust Services, CN=WE1",
      "source": "crt.sh"
    },
    {
      "id": 22923148896,
      "logged_at": "2025-12-05T14:14:51.126",
      "not_before": "2025-12-05T13:14:50",
      "not_after": "2026-03-05T14:14:45",
      "common_name": "www.dartai.com",
      "matching_identities": "www.dartai.com",
      "issuer": "C=US, O=Google Trust Services, CN=WE1",
      "source": "crt.sh"
    },
    {
      "id": 22943368669,
      "logged_at": "2025-12-05T14:14:39.978",
      "not_before": "2025-12-05T13:14:39",
      "not_after": "2026-03-05T14:13:29",
      "common_name": "www.dartai.com",
      "matching_identities": "www.dartai.com",
      "issuer": "C=US, O=Google Trust Services, CN=WR1",
      "source": "crt.sh"
    },
    {
      "id": 22700511143,
      "logged_at": "2025-11-24T08:47:50.857",
      "not_before": "2025-11-09T10:14:32",
      "not_after": "2026-02-07T11:14:30",
      "common_name": "billing.dartai.com",
      "matching_identities": "billing.dartai.com",
      "issuer": "C=US, O=Google Trust Services, CN=WE1",
      "source": "crt.sh"
    },
    {
      "id": 22579979298,
      "logged_at": "2025-11-19T04:07:51.213",
      "not_before": "2025-11-19T03:09:18",
      "not_after": "2026-02-17T03:09:17",
      "common_name": "preview-1.dartai.com",
      "matching_identities": "pomodoro.preview-1.dartai.com\npomodoro.preview-2.dartai.com\npomodoro.preview-3.dartai.com\npreview-1.",
      "issuer": "C=US, O=Let's Encrypt, CN=R12",
      "source": "crt.sh"
    },
    {
      "id": 22579599714,
      "logged_at": "2025-11-19T04:07:48.817",
      "not_before": "2025-11-19T03:09:18",
      "not_after": "2026-02-17T03:09:17",
      "common_name": "preview-1.dartai.com",
      "matching_identities": "pomodoro.preview-1.dartai.com\npomodoro.preview-2.dartai.com\npomodoro.preview-3.dartai.com\npreview-1.",
      "issuer": "C=US, O=Let's Encrypt, CN=R12",
      "source": "crt.sh"
    },
    {
      "id": 22575448786,
      "logged_at": "2025-11-19T00:27:07.242",
      "not_before": "2025-11-18T23:28:36",
      "not_after": "2026-02-16T23:28:35",
      "common_name": "stag.dartai.com",
      "matching_identities": "pomodoro.stag.dartai.com\nstag.dartai.com",
      "issuer": "C=US, O=Let's Encrypt, CN=R13",
      "source": "crt.sh"
    },
    {
      "id": 22575431902,
      "logged_at": "2025-11-19T00:27:07.013",
      "not_before": "2025-11-18T23:28:36",
      "not_after": "2026-02-16T23:28:35",
      "common_name": "stag.dartai.com",
      "matching_identities": "pomodoro.stag.dartai.com\nstag.dartai.com",
      "issuer": "C=US, O=Let's Encrypt, CN=R13",
      "source": "crt.sh"
    },
    {
      "id": 22571298388,
      "logged_at": "2025-11-18T20:11:38.767",
      "not_before": "2025-11-18T19:13:08",
      "not_after": "2026-02-16T19:13:07",
      "common_name": "mcp.dartai.com",
      "matching_identities": "mcp.dartai.com",
      "issuer": "C=US, O=Let's Encrypt, CN=R12",
      "source": "crt.sh"
    },
    {
      "id": 22571283584,
      "logged_at": "2025-11-18T20:11:38.332",
      "not_before": "2025-11-18T19:13:08",
      "not_after": "2026-02-16T19:13:07",
      "common_name": "mcp.dartai.com",
      "matching_identities": "mcp.dartai.com",
      "issuer": "C=US, O=Let's Encrypt, CN=R12",
      "source": "crt.sh"
    },
    {
      "id": 22515979632,
      "logged_at": "2025-11-16T17:01:44.506",
      "not_before": "2025-11-16T16:03:13",
      "not_after": "2026-02-14T16:03:12",
      "common_name": "status.dartai.com",
      "matching_identities": "status.dartai.com",
      "issuer": "C=US, O=Let's Encrypt, CN=E7",
      "source": "crt.sh"
    },
    {
      "id": 22515961537,
      "logged_at": "2025-11-16T17:01:44.112",
      "not_before": "2025-11-16T16:03:13",
      "not_after": "2026-02-14T16:03:12",
      "common_name": "status.dartai.com",
      "matching_identities": "status.dartai.com",
      "issuer": "C=US, O=Let's Encrypt, CN=E7",
      "source": "crt.sh"
    },
    {
      "id": 22515636335,
      "logged_at": "2025-11-16T16:37:04.609",
      "not_before": "2025-11-16T15:38:34",
      "not_after": "2026-02-14T15:38:33",
      "common_name": "status.dartai.com",
      "matching_identities": "status.dartai.com",
      "issuer": "C=US, O=Let's Encrypt, CN=E8",
      "source": "crt.sh"
    },
    {
      "id": 22515622069,
      "logged_at": "2025-11-16T16:37:04.339",
      "not_before": "2025-11-16T15:38:34",
      "not_after": "2026-02-14T15:38:33",
      "common_name": "status.dartai.com",
      "matching_identities": "status.dartai.com",
      "issuer": "C=US, O=Let's Encrypt, CN=E8",
      "source": "crt.sh"
    },
    {
      "id": 22515597797,
      "logged_at": "2025-11-16T16:34:15.84",
      "not_before": "2025-11-16T15:35:45",
      "not_after": "2026-02-14T15:35:44",
      "common_name": "status.dartai.com",
      "matching_identities": "status.dartai.com",
      "issuer": "C=US, O=Let's Encrypt, CN=E7",
      "source": "crt.sh"
    },
    {
      "id": 22515618912,
      "logged_at": "2025-11-16T16:34:15.458",
      "not_before": "2025-11-16T15:35:45",
      "not_after": "2026-02-14T15:35:44",
      "common_name": "status.dartai.com",
      "matching_identities": "status.dartai.com",
      "issuer": "C=US, O=Let's Encrypt, CN=E7",
      "source": "crt.sh"
    },
    {
      "id": 22513695292,
      "logged_at": "2025-11-16T14:32:33.869",
      "not_before": "2025-11-16T13:34:02",
      "not_after": "2026-02-14T13:34:01",
      "common_name": "status.dartai.com",
      "matching_identities": "status.dartai.com",
      "issuer": "C=US, O=Let's Encrypt, CN=E8",
      "source": "crt.sh"
    },
    {
      "id": 22513678863,
      "logged_at": "2025-11-16T14:32:33.616",
      "not_before": "2025-11-16T13:34:02",
      "not_after": "2026-02-14T13:34:01",
      "common_name": "status.dartai.com",
      "matching_identities": "status.dartai.com",
      "issuer": "C=US, O=Let's Encrypt, CN=E8",
      "source": "crt.sh"
    },
    {
      "id": 22513315622,
      "logged_at": "2025-11-16T14:13:00.851",
      "not_before": "2025-11-16T13:14:30",
      "not_after": "2026-02-14T13:14:29",
      "common_name": "status.dartai.com",
      "matching_identities": "status.dartai.com",
      "issuer": "C=US, O=Let's Encrypt, CN=E8",
      "source": "crt.sh"
    },
    {
      "id": 22513307830,
      "logged_at": "2025-11-16T14:13:00.547",
      "not_before": "2025-11-16T13:14:30",
      "not_after": "2026-02-14T13:14:29",
      "common_name": "status.dartai.com",
      "matching_identities": "status.dartai.com",
      "issuer": "C=US, O=Let's Encrypt, CN=E8",
      "source": "crt.sh"
    },
    {
      "id": 22446384104,
      "logged_at": "2025-11-13T20:26:45.311",
      "not_before": "2025-11-13T19:28:15",
      "not_after": "2026-02-11T19:28:14",
      "common_name": "mcp.stag.dartai.com",
      "matching_identities": "mcp.stag.dartai.com",
      "issuer": "C=US, O=Let's Encrypt, CN=R13",
      "source": "crt.sh"
    },
    {
      "id": 22446375900,
      "logged_at": "2025-11-13T20:26:45.061",
      "not_before": "2025-11-13T19:28:15",
      "not_after": "2026-02-11T19:28:14",
      "common_name": "mcp.stag.dartai.com",
      "matching_identities": "mcp.stag.dartai.com",
      "issuer": "C=US, O=Let's Encrypt, CN=R13",
      "source": "crt.sh"
    },
    {
      "id": 22446300550,
      "logged_at": "2025-11-13T19:49:02.697",
      "not_before": "2025-11-13T18:50:30",
      "not_after": "2026-02-11T18:50:29",
      "common_name": "video.dartai.com",
      "matching_identities": "video.dartai.com",
      "issuer": "C=US, O=Let's Encrypt, CN=R13",
      "source": "crt.sh"
    },
    {
      "id": 22445773646,
      "logged_at": "2025-11-13T19:49:00.519",
      "not_before": "2025-11-13T18:50:30",
      "not_after": "2026-02-11T18:50:29",
      "common_name": "video.dartai.com",
      "matching_identities": "video.dartai.com",
      "issuer": "C=US, O=Let's Encrypt, CN=R13",
      "source": "crt.sh"
    },
    {
      "id": 22382754133,
      "logged_at": "2025-11-11T08:15:29.403",
      "not_before": "2025-11-11T07:16:57",
      "not_after": "2026-02-09T07:16:56",
      "common_name": "changelog.dartai.com",
      "matching_identities": "changelog.dartai.com",
      "issuer": "C=US, O=Let's Encrypt, CN=E8",
      "source": "crt.sh"
    },
    {
      "id": 22382747340,
      "logged_at": "2025-11-11T08:15:27.31",
      "not_before": "2025-11-11T07:16:57",
      "not_after": "2026-02-09T07:16:56",
      "common_name": "changelog.dartai.com",
      "matching_identities": "changelog.dartai.com",
      "issuer": "C=US, O=Let's Encrypt, CN=E8",
      "source": "crt.sh"
    },
    {
      "id": 22367896357,
      "logged_at": "2025-11-10T19:25:54.428",
      "not_before": "2025-11-10T18:27:22",
      "not_after": "2026-02-08T18:27:21",
      "common_name": "status.dartai.com",
      "matching_identities": "status.dartai.com",
      "issuer": "C=US, O=Let's Encrypt, CN=E7",
      "source": "crt.sh"
    },
    {
      "id": 22367890977,
      "logged_at": "2025-11-10T19:25:52.313",
      "not_before": "2025-11-10T18:27:22",
      "not_after": "2026-02-08T18:27:21",
      "common_name": "status.dartai.com",
      "matching_identities": "status.dartai.com",
      "issuer": "C=US, O=Let's Encrypt, CN=E7",
      "source": "crt.sh"
    },
    {
      "id": 22346436116,
      "logged_at": "2025-11-09T23:55:58.08",
      "not_before": "2025-11-09T22:57:27",
      "not_after": "2026-02-07T22:57:26",
      "common_name": "flower.stag.dartai.com",
      "matching_identities": "flower.stag.dartai.com",
      "issuer": "C=US, O=Let's Encrypt, CN=R12",
      "source": "crt.sh"
    },
    {
      "id": 22346437239,
      "logged_at": "2025-11-09T23:55:57.907",
      "not_before": "2025-11-09T22:57:27",
      "not_after": "2026-02-07T22:57:26",
      "common_name": "flower.stag.dartai.com",
      "matching_identities": "flower.stag.dartai.com",
      "issuer": "C=US, O=Let's Encrypt, CN=R12",
      "source": "crt.sh"
    },
    {
      "id": 22346439376,
      "logged_at": "2025-11-09T23:55:54.191",
      "not_before": "2025-11-09T22:57:21",
      "not_after": "2026-02-07T22:57:20",
      "common_name": "flower.dartai.com",
      "matching_identities": "flower.dartai.com",
      "issuer": "C=US, O=Let's Encrypt, CN=R13",
      "source": "crt.sh"
    },
    {
      "id": 22346437158,
      "logged_at": "2025-11-09T23:55:51.397",
      "not_before": "2025-11-09T22:57:21",
      "not_after": "2026-02-07T22:57:20",
      "common_name": "flower.dartai.com",
      "matching_identities": "flower.dartai.com",
      "issuer": "C=US, O=Let's Encrypt, CN=R13",
      "source": "crt.sh"
    },
    {
      "id": 22346439332,
      "logged_at": "2025-11-09T23:55:51.276",
      "not_before": "2025-11-09T22:57:19",
      "not_after": "2026-02-07T22:57:18",
      "common_name": "argocd.stag.dartai.com",
      "matching_identities": "argocd.stag.dartai.com",
      "issuer": "C=US, O=Let's Encrypt, CN=R13",
      "source": "crt.sh"
    },
    {
      "id": 22346435140,
      "logged_at": "2025-11-09T23:55:49.164",
      "not_before": "2025-11-09T22:57:19",
      "not_after": "2026-02-07T22:57:18",
      "common_name": "argocd.stag.dartai.com",
      "matching_identities": "argocd.stag.dartai.com",
      "issuer": "C=US, O=Let's Encrypt, CN=R13",
      "source": "crt.sh"
    },
    {
      "id": 22346438611,
      "logged_at": "2025-11-09T23:55:43.529",
      "not_before": "2025-11-09T22:57:13",
      "not_after": "2026-02-07T22:57:12",
      "common_name": "argocd.dartai.com",
      "matching_identities": "argocd.dartai.com",
      "issuer": "C=US, O=Let's Encrypt, CN=R12",
      "source": "crt.sh"
    },
    {
      "id": 22346435239,
      "logged_at": "2025-11-09T23:55:43.264",
      "not_before": "2025-11-09T22:57:13",
      "not_after": "2026-02-07T22:57:12",
      "common_name": "argocd.dartai.com",
      "matching_identities": "argocd.dartai.com",
      "issuer": "C=US, O=Let's Encrypt, CN=R12",
      "source": "crt.sh"
    },
    {
      "id": 22345993998,
      "logged_at": "2025-11-09T23:24:13.568",
      "not_before": "2025-11-09T22:25:42",
      "not_after": "2026-02-07T22:25:41",
      "common_name": "monitoring.dartai.com",
      "matching_identities": "monitoring.dartai.com",
      "issuer": "C=US, O=Let's Encrypt, CN=R12",
      "source": "crt.sh"
    },
    {
      "id": 22345997061,
      "logged_at": "2025-11-09T23:24:13.168",
      "not_before": "2025-11-09T22:25:42",
      "not_after": "2026-02-07T22:25:41",
      "common_name": "monitoring.dartai.com",
      "matching_identities": "monitoring.dartai.com",
      "issuer": "C=US, O=Let's Encrypt, CN=R12",
      "source": "crt.sh"
    },
    {
      "id": 22345957258,
      "logged_at": "2025-11-09T23:21:17.215",
      "not_before": "2025-11-09T22:22:47",
      "not_after": "2026-02-07T22:22:46",
      "common_name": "monitoring.stag.dartai.com",
      "matching_identities": "monitoring.stag.dartai.com",
      "issuer": "C=US, O=Let's Encrypt, CN=R12",
      "source": "crt.sh"
    },
    {
      "id": 22345960179,
      "logged_at": "2025-11-09T23:21:17.117",
      "not_before": "2025-11-09T22:22:47",
      "not_after": "2026-02-07T22:22:46",
      "common_name": "monitoring.stag.dartai.com",
      "matching_identities": "monitoring.stag.dartai.com",
      "issuer": "C=US, O=Let's Encrypt, CN=R12",
      "source": "crt.sh"
    },
    {
      "id": 22334614069,
      "logged_at": "2025-11-09T11:14:33.398",
      "not_before": "2025-11-09T10:14:32",
      "not_after": "2026-02-07T11:14:30",
      "common_name": "billing.dartai.com",
      "matching_identities": "billing.dartai.com",
      "issuer": "C=US, O=Google Trust Services, CN=WE1",
      "source": "crt.sh"
    },
    {
      "id": 22334584864,
      "logged_at": "2025-11-09T11:14:25.203",
      "not_before": "2025-11-09T10:14:24",
      "not_after": "2026-02-07T11:13:04",
      "common_name": "billing.dartai.com",
      "matching_identities": "billing.dartai.com",
      "issuer": "C=US, O=Google Trust Services, CN=WR1",
      "source": "crt.sh"
    },
    {
      "id": 22152904015,
      "logged_at": "2025-11-02T05:44:37.87",
      "not_before": "2025-10-23T12:58:31",
      "not_after": "2026-01-21T13:46:41",
      "common_name": "gtm.dartai.com",
      "matching_identities": "gtm.dartai.com",
      "issuer": "C=US, O=Google Trust Services, CN=WR3",
      "source": "crt.sh"
    },
    {
      "id": 21943172721,
      "logged_at": "2025-10-23T14:00:01.65",
      "not_before": "2025-08-24T23:26:28",
      "not_after": "2025-11-23T00:17:40",
      "common_name": "gtm.dartai.com",
      "matching_identities": "gtm.dartai.com",
      "issuer": "C=US, O=Google Trust Services, CN=WR3",
      "source": "crt.sh"
    },
    {
      "id": 21943169933,
      "logged_at": "2025-10-23T13:58:32.179",
      "not_before": "2025-10-23T12:58:31",
      "not_after": "2026-01-21T13:46:41",
      "common_name": "gtm.dartai.com",
      "matching_identities": "gtm.dartai.com",
      "issuer": "C=US, O=Google Trust Services, CN=WR3",
      "source": "crt.sh"
    },
    {
      "id": 21583780373,
      "logged_at": "2025-10-08T23:13:04.28",
      "not_before": "2025-10-08T22:11:08",
      "not_after": "2026-01-06T23:09:53",
      "common_name": "help.dartai.com",
      "matching_identities": "help.dartai.com",
      "issuer": "C=US, O=Google Trust Services, CN=WR1",
      "source": "crt.sh"
    },
    {
      "id": 21583752627,
      "logged_at": "2025-10-08T23:11:19.556",
      "not_before": "2025-10-08T22:11:18",
      "not_after": "2026-01-06T23:11:14",
      "common_name": "help.dartai.com",
      "matching_identities": "help.dartai.com",
      "issuer": "C=US, O=Google Trust Services, CN=WE1",
      "source": "crt.sh"
    },
    {
      "id": 21583769233,
      "logged_at": "2025-10-08T23:11:08.704",
      "not_before": "2025-10-08T22:11:08",
      "not_after": "2026-01-06T23:09:53",
      "common_name": "help.dartai.com",
      "matching_identities": "help.dartai.com",
      "issuer": "C=US, O=Google Trust Services, CN=WR1",
      "source": "crt.sh"
    },
    {
      "id": 21551620657,
      "logged_at": "2025-10-07T16:47:39.453",
      "not_before": "2025-10-07T15:47:39",
      "not_after": "2026-01-05T16:47:37",
      "common_name": "dartai.com",
      "matching_identities": "dartai.com",
      "issuer": "C=US, O=Google Trust Services, CN=WE1",
      "source": "crt.sh"
    },
    {
      "id": 21551590713,
      "logged_at": "2025-10-07T16:47:31.872",
      "not_before": "2025-10-07T15:47:31",
      "not_after": "2026-01-05T16:46:08",
      "common_name": "dartai.com",
      "matching_identities": "dartai.com",
      "issuer": "C=US, O=Google Trust Services, CN=WR1",
      "source": "crt.sh"
    },
    {
      "id": 21547719733,
      "logged_at": "2025-10-07T13:24:10.127",
      "not_before": "2025-10-07T12:24:09",
      "not_after": "2026-01-05T13:24:01",
      "common_name": "www.dartai.com",
      "matching_identities": "www.dartai.com",
      "issuer": "C=US, O=Google Trust Services, CN=WE1",
      "source": "crt.sh"
    },
    {
      "id": 21547717656,
      "logged_at": "2025-10-07T13:23:56.653",
      "not_before": "2025-10-07T12:23:55",
      "not_after": "2026-01-05T13:22:32",
      "common_name": "www.dartai.com",
      "matching_identities": "www.dartai.com",
      "issuer": "C=US, O=Google Trust Services, CN=WR1",
      "source": "crt.sh"
    },
    {
      "id": 21532388249,
      "logged_at": "2025-10-06T21:54:17.281",
      "not_before": "2025-10-06T20:55:47",
      "not_after": "2026-01-04T20:55:46",
      "common_name": "app.dartai.com",
      "matching_identities": "app.dartai.com\npomodoro.dartai.com",
      "issuer": "C=US, O=Let's Encrypt, CN=R13",
      "source": "crt.sh"
    },
    {
      "id": 21532635963,
      "logged_at": "2025-10-06T21:54:17.132",
      "not_before": "2025-10-06T20:55:47",
      "not_after": "2026-01-04T20:55:46",
      "common_name": "app.dartai.com",
      "matching_identities": "app.dartai.com\npomodoro.dartai.com",
      "issuer": "C=US, O=Let's Encrypt, CN=R13",
      "source": "crt.sh"
    },
    {
      "id": 21148066392,
      "logged_at": "2025-09-20T05:05:43.756",
      "not_before": "2025-09-20T04:07:13",
      "not_after": "2025-12-19T04:07:12",
      "common_name": "preview-1.dartai.com",
      "matching_identities": "pomodoro.preview-1.dartai.com\npomodoro.preview-2.dartai.com\npomodoro.preview-3.dartai.com\npreview-1.",
      "issuer": "C=US, O=Let's Encrypt, CN=R12",
      "source": "crt.sh"
    },
    {
      "id": 21148058178,
      "logged_at": "2025-09-20T05:05:43.629",
      "not_before": "2025-09-20T04:07:13",
      "not_after": "2025-12-19T04:07:12",
      "common_name": "preview-1.dartai.com",
      "matching_identities": "pomodoro.preview-1.dartai.com\npomodoro.preview-2.dartai.com\npomodoro.preview-3.dartai.com\npreview-1.",
      "issuer": "C=US, O=Let's Encrypt, CN=R12",
      "source": "crt.sh"
    },
    {
      "id": 21144495645,
      "logged_at": "2025-09-20T01:25:14.513",
      "not_before": "2025-09-20T00:26:44",
      "not_after": "2025-12-19T00:26:43",
      "common_name": "stag.dartai.com",
      "matching_identities": "pomodoro.stag.dartai.com\nstag.dartai.com",
      "issuer": "C=US, O=Let's Encrypt, CN=R13",
      "source": "crt.sh"
    },
    {
      "id": 21144476645,
      "logged_at": "2025-09-20T01:25:14.211",
      "not_before": "2025-09-20T00:26:44",
      "not_after": "2025-12-19T00:26:43",
      "common_name": "stag.dartai.com",
      "matching_identities": "pomodoro.stag.dartai.com\nstag.dartai.com",
      "issuer": "C=US, O=Let's Encrypt, CN=R13",
      "source": "crt.sh"
    },
    {
      "id": 21140597940,
      "logged_at": "2025-09-19T21:09:46.829",
      "not_before": "2025-09-19T20:11:16",
      "not_after": "2025-12-18T20:11:15",
      "common_name": "mcp.dartai.com",
      "matching_identities": "mcp.dartai.com",
      "issuer": "C=US, O=Let's Encrypt, CN=R13",
      "source": "crt.sh"
    },
    {
      "id": 21141307040,
      "logged_at": "2025-09-19T21:09:46.673",
      "not_before": "2025-09-19T20:11:16",
      "not_after": "2025-12-18T20:11:15",
      "common_name": "mcp.dartai.com",
      "matching_identities": "mcp.dartai.com",
      "issuer": "C=US, O=Let's Encrypt, CN=R13",
      "source": "crt.sh"
    },
    {
      "id": 21020265621,
      "logged_at": "2025-09-14T21:24:52.266",
      "not_before": "2025-09-14T20:26:22",
      "not_after": "2025-12-13T20:26:21",
      "common_name": "mcp.stag.dartai.com",
      "matching_identities": "mcp.stag.dartai.com",
      "issuer": "C=US, O=Let's Encrypt, CN=R13",
      "source": "crt.sh"
    },
    {
      "id": 21020265241,
      "logged_at": "2025-09-14T21:24:52.113",
      "not_before": "2025-09-14T20:26:22",
      "not_after": "2025-12-13T20:26:21",
      "common_name": "mcp.stag.dartai.com",
      "matching_identities": "mcp.stag.dartai.com",
      "issuer": "C=US, O=Let's Encrypt, CN=R13",
      "source": "crt.sh"
    },
    {
      "id": 20988194771,
      "logged_at": "2025-09-13T09:28:07.262",
      "not_before": "2025-09-13T08:29:36",
      "not_after": "2025-12-12T08:29:35",
      "common_name": "video.dartai.com",
      "matching_identities": "video.dartai.com",
      "issuer": "C=US, O=Let's Encrypt, CN=R13",
      "source": "crt.sh"
    },
    {
      "id": 20988194311,
      "logged_at": "2025-09-13T09:28:06.936",
      "not_before": "2025-09-13T08:29:36",
      "not_after": "2025-12-12T08:29:35",
      "common_name": "video.dartai.com",
      "matching_identities": "video.dartai.com",
      "issuer": "C=US, O=Let's Encrypt, CN=R13",
      "source": "crt.sh"
    },
    {
      "id": 20952497921,
      "logged_at": "2025-09-11T20:35:55.737",
      "not_before": "2025-09-11T19:37:25",
      "not_after": "2025-12-10T19:37:24",
      "common_name": "status.dartai.com",
      "matching_identities": "status.dartai.com",
      "issuer": "C=US, O=Let's Encrypt, CN=E7",
      "source": "crt.sh"
    },
    {
      "id": 20952497235,
      "logged_at": "2025-09-11T20:35:55.438",
      "not_before": "2025-09-11T19:37:25",
      "not_after": "2025-12-10T19:37:24",
      "common_name": "status.dartai.com",
      "matching_identities": "status.dartai.com",
      "issuer": "C=US, O=Let's Encrypt, CN=E7",
      "source": "crt.sh"
    },
    {
      "id": 20943163741,
      "logged_at": "2025-09-11T11:32:17.574",
      "not_before": "2025-09-11T06:11:23",
      "not_after": "2025-12-10T07:11:16",
      "common_name": "billing.dartai.com",
      "matching_identities": "billing.dartai.com",
      "issuer": "C=US, O=Google Trust Services, CN=WE1",
      "source": "crt.sh"
    },
    {
      "id": 20939184242,
      "logged_at": "2025-09-11T07:11:23.866",
      "not_before": "2025-09-11T06:11:23",
      "not_after": "2025-12-10T07:11:16",
      "common_name": "billing.dartai.com",
      "matching_identities": "billing.dartai.com",
      "issuer": "C=US, O=Google Trust Services, CN=WE1",
      "source": "crt.sh"
    },
    {
      "id": 20939187729,
      "logged_at": "2025-09-11T07:11:10.044",
      "not_before": "2025-09-11T06:11:09",
      "not_after": "2025-12-10T07:08:32",
      "common_name": "billing.dartai.com",
      "matching_identities": "billing.dartai.com",
      "issuer": "C=US, O=Google Trust Services, CN=WR1",
      "source": "crt.sh"
    },
    {
      "id": 20933378424,
      "logged_at": "2025-09-11T00:54:06.252",
      "not_before": "2025-09-10T23:55:35",
      "not_after": "2025-12-09T23:55:34",
      "common_name": "flower.stag.dartai.com",
      "matching_identities": "flower.stag.dartai.com",
      "issuer": "C=US, O=Let's Encrypt, CN=R13",
      "source": "crt.sh"
    },
    {
      "id": 20933378295,
      "logged_at": "2025-09-11T00:54:05.978",
      "not_before": "2025-09-10T23:55:35",
      "not_after": "2025-12-09T23:55:34",
      "common_name": "flower.stag.dartai.com",
      "matching_identities": "flower.stag.dartai.com",
      "issuer": "C=US, O=Let's Encrypt, CN=R13",
      "source": "crt.sh"
    },
    {
      "id": 20933376623,
      "logged_at": "2025-09-11T00:54:00.291",
      "not_before": "2025-09-10T23:55:29",
      "not_after": "2025-12-09T23:55:28",
      "common_name": "flower.dartai.com",
      "matching_identities": "flower.dartai.com",
      "issuer": "C=US, O=Let's Encrypt, CN=R12",
      "source": "crt.sh"
    },
    {
      "id": 20933376618,
      "logged_at": "2025-09-11T00:54:00.034",
      "not_before": "2025-09-10T23:55:29",
      "not_after": "2025-12-09T23:55:28",
      "common_name": "flower.dartai.com",
      "matching_identities": "flower.dartai.com",
      "issuer": "C=US, O=Let's Encrypt, CN=R12",
      "source": "crt.sh"
    },
    {
      "id": 20933376210,
      "logged_at": "2025-09-11T00:53:59.773",
      "not_before": "2025-09-10T23:55:28",
      "not_after": "2025-12-09T23:55:27",
      "common_name": "argocd.stag.dartai.com",
      "matching_identities": "argocd.stag.dartai.com",
      "issuer": "C=US, O=Let's Encrypt, CN=R12",
      "source": "crt.sh"
    },
    {
      "id": 20933377070,
      "logged_at": "2025-09-11T00:53:59.319",
      "not_before": "2025-09-10T23:55:28",
      "not_after": "2025-12-09T23:55:27",
      "common_name": "argocd.stag.dartai.com",
      "matching_identities": "argocd.stag.dartai.com",
      "issuer": "C=US, O=Let's Encrypt, CN=R12",
      "source": "crt.sh"
    },
    {
      "id": 20933376176,
      "logged_at": "2025-09-11T00:53:53.244",
      "not_before": "2025-09-10T23:55:22",
      "not_after": "2025-12-09T23:55:21",
      "common_name": "argocd.dartai.com",
      "matching_identities": "argocd.dartai.com",
      "issuer": "C=US, O=Let's Encrypt, CN=R13",
      "source": "crt.sh"
    },
    {
      "id": 20933375075,
      "logged_at": "2025-09-11T00:53:52.935",
      "not_before": "2025-09-10T23:55:22",
      "not_after": "2025-12-09T23:55:21",
      "common_name": "argocd.dartai.com",
      "matching_identities": "argocd.dartai.com",
      "issuer": "C=US, O=Let's Encrypt, CN=R13",
      "source": "crt.sh"
    },
    {
      "id": 20932849447,
      "logged_at": "2025-09-11T00:21:28.024",
      "not_before": "2025-09-10T23:22:57",
      "not_after": "2025-12-09T23:22:56",
      "common_name": "monitoring.dartai.com",
      "matching_identities": "monitoring.dartai.com",
      "issuer": "C=US, O=Let's Encrypt, CN=R12",
      "source": "crt.sh"
    },
    {
      "id": 20932849798,
      "logged_at": "2025-09-11T00:21:27.869",
      "not_before": "2025-09-10T23:22:57",
      "not_after": "2025-12-09T23:22:56",
      "common_name": "monitoring.dartai.com",
      "matching_identities": "monitoring.dartai.com",
      "issuer": "C=US, O=Let's Encrypt, CN=R12",
      "source": "crt.sh"
    },
    {
      "id": 20932783139,
      "logged_at": "2025-09-11T00:18:25.195",
      "not_before": "2025-09-10T23:19:54",
      "not_after": "2025-12-09T23:19:53",
      "common_name": "monitoring.stag.dartai.com",
      "matching_identities": "monitoring.stag.dartai.com",
      "issuer": "C=US, O=Let's Encrypt, CN=R12",
      "source": "crt.sh"
    },
    {
      "id": 20932782955,
      "logged_at": "2025-09-11T00:18:25.039",
      "not_before": "2025-09-10T23:19:54",
      "not_after": "2025-12-09T23:19:53",
      "common_name": "monitoring.stag.dartai.com",
      "matching_identities": "monitoring.stag.dartai.com",
      "issuer": "C=US, O=Let's Encrypt, CN=R12",
      "source": "crt.sh"
    },
    {
      "id": 20629936727,
      "logged_at": "2025-08-28T12:16:45.354",
      "not_before": "2025-08-28T11:18:13",
      "not_after": "2025-11-26T11:18:12",
      "common_name": "dartai.com",
      "matching_identities": "dartai.com",
      "issuer": "C=US, O=Let's Encrypt, CN=R13",
      "source": "crt.sh"
    },
    {
      "id": 20629935762,
      "logged_at": "2025-08-28T12:16:43.127",
      "not_before": "2025-08-28T11:18:13",
      "not_after": "2025-11-26T11:18:12",
      "common_name": "dartai.com",
      "matching_identities": "dartai.com",
      "issuer": "C=US, O=Let's Encrypt, CN=R13",
      "source": "crt.sh"
    },
    {
      "id": 20629914117,
      "logged_at": "2025-08-28T12:15:20.28",
      "not_before": "2025-08-28T11:16:47",
      "not_after": "2025-11-26T11:16:46",
      "common_name": "www.dartai.com",
      "matching_identities": "www.dartai.com",
      "issuer": "C=US, O=Let's Encrypt, CN=R12",
      "source": "crt.sh"
    },
    {
      "id": 20629915502,
      "logged_at": "2025-08-28T12:15:18.099",
      "not_before": "2025-08-28T11:16:47",
      "not_after": "2025-11-26T11:16:46",
      "common_name": "www.dartai.com",
      "matching_identities": "www.dartai.com",
      "issuer": "C=US, O=Let's Encrypt, CN=R12",
      "source": "crt.sh"
    },
    {
      "id": 20553745744,
      "logged_at": "2025-08-25T00:26:28.91",
      "not_before": "2025-08-24T23:26:28",
      "not_after": "2025-11-23T00:17:40",
      "common_name": "gtm.dartai.com",
      "matching_identities": "gtm.dartai.com",
      "issuer": "C=US, O=Google Trust Services, CN=WR3",
      "source": "crt.sh"
    },
    {
      "id": 20253703755,
      "logged_at": "2025-08-10T23:43:03.786",
      "not_before": "2025-08-10T21:47:54",
      "not_after": "2025-11-08T22:46:45",
      "common_name": "help.dartai.com",
      "matching_identities": "help.dartai.com",
      "issuer": "C=US, O=Google Trust Services, CN=WR1",
      "source": "crt.sh"
    },
    {
      "id": 20252815626,
      "logged_at": "2025-08-10T22:48:07.583",
      "not_before": "2025-08-10T21:48:06",
      "not_after": "2025-11-08T22:48:00",
      "common_name": "help.dartai.com",
      "matching_identities": "help.dartai.com",
      "issuer": "C=US, O=Google Trust Services, CN=WE1",
      "source": "crt.sh"
    },
    {
      "id": 20252806004,
      "logged_at": "2025-08-10T22:47:54.983",
      "not_before": "2025-08-10T21:47:54",
      "not_after": "2025-11-08T22:46:45",
      "common_name": "help.dartai.com",
      "matching_identities": "help.dartai.com",
      "issuer": "C=US, O=Google Trust Services, CN=WR1",
      "source": "crt.sh"
    },
    {
      "id": 20223841233,
      "logged_at": "2025-08-09T14:12:40.966",
      "not_before": "2025-08-09T13:12:40",
      "not_after": "2025-11-07T14:12:32",
      "common_name": "dartai.com",
      "matching_identities": "dartai.com",
      "issuer": "C=US, O=Google Trust Services, CN=WE1",
      "source": "crt.sh"
    },
    {
      "id": 20223839177,
      "logged_at": "2025-08-09T14:12:26.763",
      "not_before": "2025-08-09T13:12:26",
      "not_after": "2025-11-07T14:11:12",
      "common_name": "dartai.com",
      "matching_identities": "dartai.com",
      "issuer": "C=US, O=Google Trust Services, CN=WR1",
      "source": "crt.sh"
    },
    {
      "id": 20222309747,
      "logged_at": "2025-08-09T12:25:04.449",
      "not_before": "2025-08-09T11:25:03",
      "not_after": "2025-11-07T12:24:58",
      "common_name": "www.dartai.com",
      "matching_identities": "www.dartai.com",
      "issuer": "C=US, O=Google Trust Services, CN=WE1",
      "source": "crt.sh"
    },
    {
      "id": 20222317583,
      "logged_at": "2025-08-09T12:24:53.434",
      "not_before": "2025-08-09T11:24:52",
      "not_after": "2025-11-07T12:23:37",
      "common_name": "www.dartai.com",
      "matching_identities": "www.dartai.com",
      "issuer": "C=US, O=Google Trust Services, CN=WR1",
      "source": "crt.sh"
    },
    {
      "id": 20188262113,
      "logged_at": "2025-08-07T22:52:25.396",
      "not_before": "2025-08-07T21:53:55",
      "not_after": "2025-11-05T21:53:54",
      "common_name": "app.dartai.com",
      "matching_identities": "app.dartai.com\npomodoro.dartai.com",
      "issuer": "C=US, O=Let's Encrypt, CN=R11",
      "source": "crt.sh"
    },
    {
      "id": 20188261762,
      "logged_at": "2025-08-07T22:52:25.135",
      "not_before": "2025-08-07T21:53:55",
      "not_after": "2025-11-05T21:53:54",
      "common_name": "app.dartai.com",
      "matching_identities": "app.dartai.com\npomodoro.dartai.com",
      "issuer": "C=US, O=Let's Encrypt, CN=R11",
      "source": "crt.sh"
    },
    {
      "id": 19826812951,
      "logged_at": "2025-07-22T06:03:42.926",
      "not_before": "2025-07-22T05:05:09",
      "not_after": "2025-10-20T05:05:08",
      "common_name": "preview-1.dartai.com",
      "matching_identities": "pomodoro.preview-1.dartai.com\npomodoro.preview-2.dartai.com\npomodoro.preview-3.dartai.com\npreview-1.",
      "issuer": "C=US, O=Let's Encrypt, CN=R10",
      "source": "crt.sh"
    },
    {
      "id": 19826707457,
      "logged_at": "2025-07-22T06:03:39.577",
      "not_before": "2025-07-22T05:05:09",
      "not_after": "2025-10-20T05:05:08",
      "common_name": "preview-1.dartai.com",
      "matching_identities": "pomodoro.preview-1.dartai.com\npomodoro.preview-2.dartai.com\npomodoro.preview-3.dartai.com\npreview-1.",
      "issuer": "C=US, O=Let's Encrypt, CN=R10",
      "source": "crt.sh"
    },
    {
      "id": 19826593038,
      "logged_at": "2025-07-22T05:57:59.613",
      "not_before": "2025-07-22T04:59:26",
      "not_after": "2025-10-20T04:59:25",
      "common_name": "app.dartai.com",
      "matching_identities": "app.dartai.com\npomodoro.dartai.com",
      "issuer": "C=US, O=Let's Encrypt, CN=R10",
      "source": "crt.sh"
    },
    {
      "id": 19826592765,
      "logged_at": "2025-07-22T05:57:56.845",
      "not_before": "2025-07-22T04:59:26",
      "not_after": "2025-10-20T04:59:25",
      "common_name": "app.dartai.com",
      "matching_identities": "app.dartai.com\npomodoro.dartai.com",
      "issuer": "C=US, O=Let's Encrypt, CN=R10",
      "source": "crt.sh"
    },
    {
      "id": 19822334335,
      "logged_at": "2025-07-22T02:23:23.084",
      "not_before": "2025-07-22T01:24:50",
      "not_after": "2025-10-20T01:24:49",
      "common_name": "stag.dartai.com",
      "matching_identities": "pomodoro.stag.dartai.com\nstag.dartai.com",
      "issuer": "C=US, O=Let's Encrypt, CN=R11",
      "source": "crt.sh"
    },
    {
      "id": 19822308607,
      "logged_at": "2025-07-22T02:23:20.965",
      "not_before": "2025-07-22T01:24:50",
      "not_after": "2025-10-20T01:24:49",
      "common_name": "stag.dartai.com",
      "matching_identities": "pomodoro.stag.dartai.com\nstag.dartai.com",
      "issuer": "C=US, O=Let's Encrypt, CN=R11",
      "source": "crt.sh"
    },
    {
      "id": 19820569336,
      "logged_at": "2025-07-21T22:07:56.336",
      "not_before": "2025-07-21T21:09:25",
      "not_after": "2025-10-19T21:09:24",
      "common_name": "mcp.dartai.com",
      "matching_identities": "mcp.dartai.com",
      "issuer": "C=US, O=Let's Encrypt, CN=R10",
      "source": "crt.sh"
    },
    {
      "id": 19820569696,
      "logged_at": "2025-07-21T22:07:55.901",
      "not_before": "2025-07-21T21:09:25",
      "not_after": "2025-10-19T21:09:24",
      "common_name": "mcp.dartai.com",
      "matching_identities": "mcp.dartai.com",
      "issuer": "C=US, O=Let's Encrypt, CN=R10",
      "source": "crt.sh"
    },
    {
      "id": 19819676102,
      "logged_at": "2025-07-21T19:16:57.177",
      "not_before": "2025-07-21T18:18:26",
      "not_after": "2025-10-19T18:18:25",
      "common_name": "mcp.dartai.com",
      "matching_identities": "mcp.dartai.com",
      "issuer": "C=US, O=Let's Encrypt, CN=R10",
      "source": "crt.sh"
    },
    {
      "id": 19819651545,
      "logged_at": "2025-07-21T19:14:02.977",
      "not_before": "2025-07-21T18:15:32",
      "not_after": "2025-10-19T18:15:31",
      "common_name": "mcp.dartai.com",
      "matching_identities": "mcp.dartai.com",
      "issuer": "C=US, O=Let's Encrypt, CN=R11",
      "source": "crt.sh"
    },
    {
      "id": 19819509268,
      "logged_at": "2025-07-21T18:55:53.805",
      "not_before": "2025-07-21T17:57:23",
      "not_after": "2025-10-19T17:57:22",
      "common_name": "mcp.dartai.com",
      "matching_identities": "mcp.dartai.com",
      "issuer": "C=US, O=Let's Encrypt, CN=R10",
      "source": "crt.sh"
    },
    {
      "id": 19819484191,
      "logged_at": "2025-07-21T18:52:39.777",
      "not_before": "2025-07-21T17:54:09",
      "not_after": "2025-10-19T17:54:08",
      "common_name": "mcp.dartai.com",
      "matching_identities": "mcp.dartai.com",
      "issuer": "C=US, O=Let's Encrypt, CN=R11",
      "source": "crt.sh"
    },
    {
      "id": 19719494575,
      "logged_at": "2025-07-16T22:23:00.81",
      "not_before": "2025-07-16T21:24:30",
      "not_after": "2025-10-14T21:24:29",
      "common_name": "mcp.stag.dartai.com",
      "matching_identities": "mcp.stag.dartai.com",
      "issuer": "C=US, O=Let's Encrypt, CN=R11",
      "source": "crt.sh"
    },
    {
      "id": 19719493028,
      "logged_at": "2025-07-16T22:23:00.513",
      "not_before": "2025-07-16T21:24:30",
      "not_after": "2025-10-14T21:24:29",
      "common_name": "mcp.stag.dartai.com",
      "matching_identities": "mcp.stag.dartai.com",
      "issuer": "C=US, O=Let's Encrypt, CN=R11",
      "source": "crt.sh"
    },
    {
      "id": 19719258636,
      "logged_at": "2025-07-16T22:07:31.827",
      "not_before": "2025-07-16T21:09:00",
      "not_after": "2025-10-14T21:08:59",
      "common_name": "mcp.stag.dartai.com",
      "matching_identities": "mcp-1.stag.dartai.com\nmcp.stag.dartai.com",
      "issuer": "C=US, O=Let's Encrypt, CN=R10",
      "source": "crt.sh"
    },
    {
      "id": 19719257496,
      "logged_at": "2025-07-16T22:07:30.982",
      "not_before": "2025-07-16T21:09:00",
      "not_after": "2025-10-14T21:08:59",
      "common_name": "mcp.stag.dartai.com",
      "matching_identities": "mcp-1.stag.dartai.com\nmcp.stag.dartai.com",
      "issuer": "C=US, O=Let's Encrypt, CN=R10",
      "source": "crt.sh"
    },
    {
      "id": 19665978104,
      "logged_at": "2025-07-14T21:49:21.837",
      "not_before": "2025-07-14T20:50:49",
      "not_after": "2025-10-12T20:50:48",
      "common_name": "changelog.dartai.com",
      "matching_identities": "changelog.dartai.com",
      "issuer": "C=US, O=Let's Encrypt, CN=E6",
      "source": "crt.sh"
    },
    {
      "id": 19665978204,
      "logged_at": "2025-07-14T21:49:19.466",
      "not_before": "2025-07-14T20:50:49",
      "not_after": "2025-10-12T20:50:48",
      "common_name": "changelog.dartai.com",
      "matching_identities": "changelog.dartai.com",
      "issuer": "C=US, O=Let's Encrypt, CN=E6",
      "source": "crt.sh"
    },
    {
      "id": 19651059743,
      "logged_at": "2025-07-14T05:54:58.318",
      "not_before": "2025-07-14T04:56:27",
      "not_after": "2025-10-12T04:56:26",
      "common_name": "video.dartai.com",
      "matching_identities": "video.dartai.com",
      "issuer": "C=US, O=Let's Encrypt, CN=R11",
      "source": "crt.sh"
    },
    {
      "id": 19651064661,
      "logged_at": "2025-07-14T05:54:57.965",
      "not_before": "2025-07-14T04:56:27",
      "not_after": "2025-10-12T04:56:26",
      "common_name": "video.dartai.com",
      "matching_identities": "video.dartai.com",
      "issuer": "C=US, O=Let's Encrypt, CN=R11",
      "source": "crt.sh"
    },
    {
      "id": 19648494633,
      "logged_at": "2025-07-14T03:20:33.328",
      "not_before": "2025-07-14T01:34:54",
      "not_after": "2025-10-12T02:34:49",
      "common_name": "billing.dartai.com",
      "matching_identities": "billing.dartai.com",
      "issuer": "C=US, O=Google Trust Services, CN=WE1",
      "source": "crt.sh"
    },
    {
      "id": 19647755400,
      "logged_at": "2025-07-14T02:34:55.61",
      "not_before": "2025-07-14T01:34:54",
      "not_after": "2025-10-12T02:34:49",
      "common_name": "billing.dartai.com",
      "matching_identities": "billing.dartai.com",
      "issuer": "C=US, O=Google Trust Services, CN=WE1",
      "source": "crt.sh"
    },
    {
      "id": 19647756111,
      "logged_at": "2025-07-14T02:34:44.127",
      "not_before": "2025-07-14T01:34:43",
      "not_after": "2025-10-12T02:31:15",
      "common_name": "billing.dartai.com",
      "matching_identities": "billing.dartai.com",
      "issuer": "C=US, O=Google Trust Services, CN=WR1",
      "source": "crt.sh"
    },
    {
      "id": 19642774575,
      "logged_at": "2025-07-13T20:58:33.684",
      "not_before": "2025-07-13T19:59:59",
      "not_after": "2025-10-11T19:59:58",
      "common_name": "status.dartai.com",
      "matching_identities": "status.dartai.com",
      "issuer": "C=US, O=Let's Encrypt, CN=E6",
      "source": "crt.sh"
    },
    {
      "id": 19642779980,
      "logged_at": "2025-07-13T20:58:29.306",
      "not_before": "2025-07-13T19:59:59",
      "not_after": "2025-10-11T19:59:58",
      "common_name": "status.dartai.com",
      "matching_identities": "status.dartai.com",
      "issuer": "C=US, O=Let's Encrypt, CN=E6",
      "source": "crt.sh"
    },
    {
      "id": 19639786036,
      "logged_at": "2025-07-13T17:46:20.459",
      "not_before": "2025-07-13T16:47:47",
      "not_after": "2025-10-11T16:47:46",
      "common_name": "app.itsdart.com",
      "matching_identities": "app.dartai.com\npomodoro.dartai.com",
      "issuer": "C=US, O=Let's Encrypt, CN=R10",
      "source": "crt.sh"
    },
    {
      "id": 19639788335,
      "logged_at": "2025-07-13T17:46:17.125",
      "not_before": "2025-07-13T16:47:47",
      "not_after": "2025-10-11T16:47:46",
      "common_name": "app.itsdart.com",
      "matching_identities": "app.dartai.com\npomodoro.dartai.com",
      "issuer": "C=US, O=Let's Encrypt, CN=R10",
      "source": "crt.sh"
    },
    {
      "id": 19626612154,
      "logged_at": "2025-07-13T03:02:41.08",
      "not_before": "2025-07-13T02:04:10",
      "not_after": "2025-10-11T02:04:09",
      "common_name": "preview-1.itsdart.com",
      "matching_identities": "pomodoro.preview-1.dartai.com\npomodoro.preview-2.dartai.com\npomodoro.preview-3.dartai.com\npreview-1.",
      "issuer": "C=US, O=Let's Encrypt, CN=R11",
      "source": "crt.sh"
    },
    {
      "id": 19626613417,
      "logged_at": "2025-07-13T03:02:40.851",
      "not_before": "2025-07-13T02:04:10",
      "not_after": "2025-10-11T02:04:09",
      "common_name": "preview-1.itsdart.com",
      "matching_identities": "pomodoro.preview-1.dartai.com\npomodoro.preview-2.dartai.com\npomodoro.preview-3.dartai.com\npreview-1.",
      "issuer": "C=US, O=Let's Encrypt, CN=R11",
      "source": "crt.sh"
    },
    {
      "id": 19626519079,
      "logged_at": "2025-07-13T02:56:47.913",
      "not_before": "2025-07-13T01:58:15",
      "not_after": "2025-10-11T01:58:14",
      "common_name": "stag.itsdart.com",
      "matching_identities": "pomodoro.stag.dartai.com\nstag.dartai.com",
      "issuer": "C=US, O=Let's Encrypt, CN=R11",
      "source": "crt.sh"
    },
    {
      "id": 19626519216,
      "logged_at": "2025-07-13T02:56:45.821",
      "not_before": "2025-07-13T01:58:15",
      "not_after": "2025-10-11T01:58:14",
      "common_name": "stag.itsdart.com",
      "matching_identities": "pomodoro.stag.dartai.com\nstag.dartai.com",
      "issuer": "C=US, O=Let's Encrypt, CN=R11",
      "source": "crt.sh"
    },
    {
      "id": 19625748176,
      "logged_at": "2025-07-13T02:10:24.329",
      "not_before": "2025-07-13T01:11:52",
      "not_after": "2025-10-11T01:11:51",
      "common_name": "stag.dartai.com",
      "matching_identities": "pomodoro.stag.dartai.com\nstag.dartai.com",
      "issuer": "C=US, O=Let's Encrypt, CN=R11",
      "source": "crt.sh"
    },
    {
      "id": 19625968497,
      "logged_at": "2025-07-13T02:10:22.951",
      "not_before": "2025-07-13T01:11:52",
      "not_after": "2025-10-11T01:11:51",
      "common_name": "stag.dartai.com",
      "matching_identities": "pomodoro.stag.dartai.com\nstag.dartai.com",
      "issuer": "C=US, O=Let's Encrypt, CN=R11",
      "source": "crt.sh"
    },
    {
      "id": 19625728862,
      "logged_at": "2025-07-13T02:09:08.214",
      "not_before": "2025-07-13T01:10:35",
      "not_after": "2025-10-11T01:10:34",
      "common_name": "preview-1.dartai.com",
      "matching_identities": "pomodoro.preview-1.dartai.com\npomodoro.preview-2.dartai.com\npomodoro.preview-3.dartai.com\npreview-1.",
      "issuer": "C=US, O=Let's Encrypt, CN=R10",
      "source": "crt.sh"
    },
    {
      "id": 19625719544,
      "logged_at": "2025-07-13T02:09:06.053",
      "not_before": "2025-07-13T01:10:35",
      "not_after": "2025-10-11T01:10:34",
      "common_name": "preview-1.dartai.com",
      "matching_identities": "pomodoro.preview-1.dartai.com\npomodoro.preview-2.dartai.com\npomodoro.preview-3.dartai.com\npreview-1.",
      "issuer": "C=US, O=Let's Encrypt, CN=R10",
      "source": "crt.sh"
    },
    {
      "id": 19625482630,
      "logged_at": "2025-07-13T01:52:14.782",
      "not_before": "2025-07-13T00:53:42",
      "not_after": "2025-10-11T00:53:41",
      "common_name": "flower.stag.dartai.com",
      "matching_identities": "flower.stag.dartai.com",
      "issuer": "C=US, O=Let's Encrypt, CN=R11",
      "source": "crt.sh"
    },
    {
      "id": 19625480607,
      "logged_at": "2025-07-13T01:52:12.501",
      "not_before": "2025-07-13T00:53:42",
      "not_after": "2025-10-11T00:53:41",
      "common_name": "flower.stag.dartai.com",
      "matching_identities": "flower.stag.dartai.com",
      "issuer": "C=US, O=Let's Encrypt, CN=R11",
      "source": "crt.sh"
    },
    {
      "id": 19625482265,
      "logged_at": "2025-07-13T01:52:07.797",
      "not_before": "2025-07-13T00:53:37",
      "not_after": "2025-10-11T00:53:36",
      "common_name": "flower.dartai.com",
      "matching_identities": "flower.dartai.com",
      "issuer": "C=US, O=Let's Encrypt, CN=R10",
      "source": "crt.sh"
    },
    {
      "id": 19625483248,
      "logged_at": "2025-07-13T01:52:07.557",
      "not_before": "2025-07-13T00:53:36",
      "not_after": "2025-10-11T00:53:35",
      "common_name": "argocd.stag.dartai.com",
      "matching_identities": "argocd.stag.dartai.com",
      "issuer": "C=US, O=Let's Encrypt, CN=R10",
      "source": "crt.sh"
    },
    {
      "id": 19625486752,
      "logged_at": "2025-07-13T01:52:07.398",
      "not_before": "2025-07-13T00:53:37",
      "not_after": "2025-10-11T00:53:36",
      "common_name": "flower.dartai.com",
      "matching_identities": "flower.dartai.com",
      "issuer": "C=US, O=Let's Encrypt, CN=R10",
      "source": "crt.sh"
    },
    {
      "id": 19625481197,
      "logged_at": "2025-07-13T01:52:07.211",
      "not_before": "2025-07-13T00:53:36",
      "not_after": "2025-10-11T00:53:35",
      "common_name": "argocd.stag.dartai.com",
      "matching_identities": "argocd.stag.dartai.com",
      "issuer": "C=US, O=Let's Encrypt, CN=R10",
      "source": "crt.sh"
    },
    {
      "id": 19625481818,
      "logged_at": "2025-07-13T01:52:01.815",
      "not_before": "2025-07-13T00:53:31",
      "not_after": "2025-10-11T00:53:30",
      "common_name": "argocd.dartai.com",
      "matching_identities": "argocd.dartai.com",
      "issuer": "C=US, O=Let's Encrypt, CN=R10",
      "source": "crt.sh"
    },
    {
      "id": 19625486305,
      "logged_at": "2025-07-13T01:52:01.558",
      "not_before": "2025-07-13T00:53:31",
      "not_after": "2025-10-11T00:53:30",
      "common_name": "argocd.dartai.com",
      "matching_identities": "argocd.dartai.com",
      "issuer": "C=US, O=Let's Encrypt, CN=R10",
      "source": "crt.sh"
    },
    {
      "id": 19624984452,
      "logged_at": "2025-07-13T01:18:42.9",
      "not_before": "2025-07-13T00:20:10",
      "not_after": "2025-10-11T00:20:09",
      "common_name": "monitoring.dartai.com",
      "matching_identities": "monitoring.dartai.com",
      "issuer": "C=US, O=Let's Encrypt, CN=R11",
      "source": "crt.sh"
    },
    {
      "id": 19625693256,
      "logged_at": "2025-07-13T01:18:40.717",
      "not_before": "2025-07-13T00:20:10",
      "not_after": "2025-10-11T00:20:09",
      "common_name": "monitoring.dartai.com",
      "matching_identities": "monitoring.dartai.com",
      "issuer": "C=US, O=Let's Encrypt, CN=R11",
      "source": "crt.sh"
    },
    {
      "id": 19624946670,
      "logged_at": "2025-07-13T01:16:22.694",
      "not_before": "2025-07-13T00:17:50",
      "not_after": "2025-10-11T00:17:49",
      "common_name": "monitoring.stag.dartai.com",
      "matching_identities": "monitoring.stag.dartai.com",
      "issuer": "C=US, O=Let's Encrypt, CN=R10",
      "source": "crt.sh"
    },
    {
      "id": 19624949626,
      "logged_at": "2025-07-13T01:16:20.54",
      "not_before": "2025-07-13T00:17:50",
      "not_after": "2025-10-11T00:17:49",
      "common_name": "monitoring.stag.dartai.com",
      "matching_identities": "monitoring.stag.dartai.com",
      "issuer": "C=US, O=Let's Encrypt, CN=R10",
      "source": "crt.sh"
    },
    {
      "id": 19618982537,
      "logged_at": "2025-07-12T18:02:12.365",
      "not_before": "2025-07-12T17:03:42",
      "not_after": "2025-10-10T17:03:41",
      "common_name": "argocd.itsdart.com",
      "matching_identities": "argocd.dartai.com",
      "issuer": "C=US, O=Let's Encrypt, CN=R10",
      "source": "crt.sh"
    },
    {
      "id": 19618977219,
      "logged_at": "2025-07-12T18:02:12.083",
      "not_before": "2025-07-12T17:03:42",
      "not_after": "2025-10-10T17:03:41",
      "common_name": "argocd.itsdart.com",
      "matching_identities": "argocd.dartai.com",
      "issuer": "C=US, O=Let's Encrypt, CN=R10",
      "source": "crt.sh"
    },
    {
      "id": 19618992177,
      "logged_at": "2025-07-12T18:01:47.207",
      "not_before": "2025-07-12T17:03:16",
      "not_after": "2025-10-10T17:03:15",
      "common_name": "flower.itsdart.com",
      "matching_identities": "flower.dartai.com",
      "issuer": "C=US, O=Let's Encrypt, CN=R10",
      "source": "crt.sh"
    },
    {
      "id": 19618990872,
      "logged_at": "2025-07-12T18:01:46.883",
      "not_before": "2025-07-12T17:03:16",
      "not_after": "2025-10-10T17:03:15",
      "common_name": "flower.itsdart.com",
      "matching_identities": "flower.dartai.com",
      "issuer": "C=US, O=Let's Encrypt, CN=R10",
      "source": "crt.sh"
    },
    {
      "id": 19618910394,
      "logged_at": "2025-07-12T17:57:06.117",
      "not_before": "2025-07-12T16:58:35",
      "not_after": "2025-10-10T16:58:34",
      "common_name": "flower.stag.itsdart.com",
      "matching_identities": "flower.stag.dartai.com",
      "issuer": "C=US, O=Let's Encrypt, CN=R11",
      "source": "crt.sh"
    },
    {
      "id": 19618923968,
      "logged_at": "2025-07-12T17:57:05.87",
      "not_before": "2025-07-12T16:58:35",
      "not_after": "2025-10-10T16:58:34",
      "common_name": "flower.stag.itsdart.com",
      "matching_identities": "flower.stag.dartai.com",
      "issuer": "C=US, O=Let's Encrypt, CN=R11",
      "source": "crt.sh"
    },
    {
      "id": 19618915677,
      "logged_at": "2025-07-12T17:56:32.67",
      "not_before": "2025-07-12T16:57:59",
      "not_after": "2025-10-10T16:57:58",
      "common_name": "argocd.stag.itsdart.com",
      "matching_identities": "argocd.stag.dartai.com",
      "issuer": "C=US, O=Let's Encrypt, CN=R10",
      "source": "crt.sh"
    },
    {
      "id": 19618916225,
      "logged_at": "2025-07-12T17:56:29.522",
      "not_before": "2025-07-12T16:57:59",
      "not_after": "2025-10-10T16:57:58",
      "common_name": "argocd.stag.itsdart.com",
      "matching_identities": "argocd.stag.dartai.com",
      "issuer": "C=US, O=Let's Encrypt, CN=R10",
      "source": "crt.sh"
    },
    {
      "id": 19515776183,
      "logged_at": "2025-07-07T21:28:33.548",
      "not_before": "2025-07-07T20:30:01",
      "not_after": "2025-10-05T20:30:00",
      "common_name": "mcp.stag.dartai.com",
      "matching_identities": "mcp.stag.dartai.com",
      "issuer": "C=US, O=Let's Encrypt, CN=R10",
      "source": "crt.sh"
    },
    {
      "id": 19515781864,
      "logged_at": "2025-07-07T21:28:31.324",
      "not_before": "2025-07-07T20:30:01",
      "not_after": "2025-10-05T20:30:00",
      "common_name": "mcp.stag.dartai.com",
      "matching_identities": "mcp.stag.dartai.com",
      "issuer": "C=US, O=Let's Encrypt, CN=R10",
      "source": "crt.sh"
    },
    {
      "id": 19312511476,
      "logged_at": "2025-06-28T15:27:23.735",
      "not_before": "2025-06-28T01:48:16",
      "not_after": "2025-09-26T02:35:24",
      "common_name": "gtm.dartai.com",
      "matching_identities": "gtm.dartai.com",
      "issuer": "C=US, O=Google Trust Services, CN=WR3",
      "source": "crt.sh"
    },
    {
      "id": 19300772978,
      "logged_at": "2025-06-28T02:48:17.326",
      "not_before": "2025-06-28T01:48:16",
      "not_after": "2025-09-26T02:35:24",
      "common_name": "gtm.dartai.com",
      "matching_identities": "gtm.dartai.com",
      "issuer": "C=US, O=Google Trust Services, CN=WR3",
      "source": "crt.sh"
    },
    {
      "id": 18986161168,
      "logged_at": "2025-06-12T23:20:30.21",
      "not_before": "2025-06-12T21:18:59",
      "not_after": "2025-09-10T22:16:15",
      "common_name": "help.dartai.com",
      "matching_identities": "help.dartai.com",
      "issuer": "C=US, O=Google Trust Services, CN=WR1",
      "source": "crt.sh"
    },
    {
      "id": 18984899472,
      "logged_at": "2025-06-12T22:19:08.574",
      "not_before": "2025-06-12T21:19:07",
      "not_after": "2025-09-10T22:19:05",
      "common_name": "help.dartai.com",
      "matching_identities": "help.dartai.com",
      "issuer": "C=US, O=Google Trust Services, CN=WE1",
      "source": "crt.sh"
    },
    {
      "id": 18984912324,
      "logged_at": "2025-06-12T22:19:00.278",
      "not_before": "2025-06-12T21:18:59",
      "not_after": "2025-09-10T22:16:15",
      "common_name": "help.dartai.com",
      "matching_identities": "help.dartai.com",
      "issuer": "C=US, O=Google Trust Services, CN=WR1",
      "source": "crt.sh"
    },
    {
      "id": 18955925169,
      "logged_at": "2025-06-11T11:43:28.919",
      "not_before": "2025-06-11T10:43:28",
      "not_after": "2025-09-09T11:43:27",
      "common_name": "dartai.com",
      "matching_identities": "dartai.com",
      "issuer": "C=US, O=Google Trust Services, CN=WE1",
      "source": "crt.sh"
    },
    {
      "id": 18955923168,
      "logged_at": "2025-06-11T11:43:21.839",
      "not_before": "2025-06-11T10:43:21",
      "not_after": "2025-09-09T11:40:43",
      "common_name": "dartai.com",
      "matching_identities": "dartai.com",
      "issuer": "C=US, O=Google Trust Services, CN=WR1",
      "source": "crt.sh"
    },
    {
      "id": 18955884371,
      "logged_at": "2025-06-11T11:40:39.545",
      "not_before": "2025-06-11T10:42:06",
      "not_after": "2025-09-09T10:42:05",
      "common_name": "dartai.com",
      "matching_identities": "dartai.com",
      "issuer": "C=US, O=Let's Encrypt, CN=R10",
      "source": "crt.sh"
    },
    {
      "id": 18955894156,
      "logged_at": "2025-06-11T11:40:37.108",
      "not_before": "2025-06-11T10:42:06",
      "not_after": "2025-09-09T10:42:05",
      "common_name": "dartai.com",
      "matching_identities": "dartai.com",
      "issuer": "C=US, O=Let's Encrypt, CN=R10",
      "source": "crt.sh"
    },
    {
      "id": 18955787536,
      "logged_at": "2025-06-11T11:31:47.776",
      "not_before": "2025-06-11T10:31:47",
      "not_after": "2025-09-09T11:31:45",
      "common_name": "www.dartai.com",
      "matching_identities": "www.dartai.com",
      "issuer": "C=US, O=Google Trust Services, CN=WE1",
      "source": "crt.sh"
    },
    {
      "id": 18955788304,
      "logged_at": "2025-06-11T11:31:39.333",
      "not_before": "2025-06-11T10:31:38",
      "not_after": "2025-09-09T11:29:18",
      "common_name": "www.dartai.com",
      "matching_identities": "www.dartai.com",
      "issuer": "C=US, O=Google Trust Services, CN=WR1",
      "source": "crt.sh"
    },
    {
      "id": 18955733369,
      "logged_at": "2025-06-11T11:29:15.864",
      "not_before": "2025-06-11T10:30:43",
      "not_after": "2025-09-09T10:30:42",
      "common_name": "www.dartai.com",
      "matching_identities": "www.dartai.com",
      "issuer": "C=US, O=Let's Encrypt, CN=R11",
      "source": "crt.sh"
    },
    {
      "id": 18955755942,
      "logged_at": "2025-06-11T11:29:13.838",
      "not_before": "2025-06-11T10:30:43",
      "not_after": "2025-09-09T10:30:42",
      "common_name": "www.dartai.com",
      "matching_identities": "www.dartai.com",
      "issuer": "C=US, O=Let's Encrypt, CN=R11",
      "source": "crt.sh"
    },
    {
      "id": 18200348526,
      "logged_at": "2025-05-03T13:40:27.914",
      "not_before": "2025-05-03T12:41:56",
      "not_after": "2025-08-01T12:41:55",
      "common_name": "www.dartai.com",
      "matching_identities": "www.dartai.com",
      "issuer": "C=US, O=Let's Encrypt, CN=R10",
      "source": "crt.sh"
    },
    {
      "id": 18200338756,
      "logged_at": "2025-05-03T13:40:27.277",
      "not_before": "2025-05-03T12:41:56",
      "not_after": "2025-08-01T12:41:55",
      "common_name": "dartai.com",
      "matching_identities": "dartai.com",
      "issuer": "C=US, O=Let's Encrypt, CN=R11",
      "source": "crt.sh"
    },
    {
      "id": 18200872303,
      "logged_at": "2025-05-03T13:40:26.991",
      "not_before": "2025-05-03T12:41:56",
      "not_after": "2025-08-01T12:41:55",
      "common_name": "www.dartai.com",
      "matching_identities": "www.dartai.com",
      "issuer": "C=US, O=Let's Encrypt, CN=R10",
      "source": "crt.sh"
    },
    {
      "id": 18200338411,
      "logged_at": "2025-05-03T13:40:26.962",
      "not_before": "2025-05-03T12:41:56",
      "not_after": "2025-08-01T12:41:55",
      "common_name": "dartai.com",
      "matching_identities": "dartai.com",
      "issuer": "C=US, O=Let's Encrypt, CN=R11",
      "source": "crt.sh"
    }
  ]
}