{
  "metadata": {
    "module": "whois_lookup",
    "target": "dartai.com",
    "timestamp": "2025-12-21T20:24:28.288124",
    "record_count": 1
  },
  "results": [
    {
      "domain": "dartai.com",
      "registrar": "Squarespace Domains LLC",
      "creation_date": "2019-06-10T14:05:15Z",
      "expiration_date": "2026-06-10T14:05:15Z",
      "updated_date": "2025-05-03T13:38:01.857657Z",
      "name_servers": "NS-CLOUD-E1.GOOGLEDOMAINS.COM, NS-CLOUD-E2.GOOGLEDOMAINS.COM, NS-CLOUD-E3.GOOGLEDOMAINS.COM, NS-CLOUD-E4.GOOGLEDOMAINS.COM, ns-cloud-e2.googledomains.com, ns-cloud-e3.googledomains.com, ns-cloud-e1.googledomains.com, ns-cloud-e4.googledomains.com",
      "status": "client delete prohibited http://www.icann.org/epp#client delete prohibited",
      "source": "WHOIS"
    }
  ]
}