{
  "metadata": {
    "module": "subdomain_enumeration",
    "target": "dartai.com",
    "timestamp": "2025-12-18T14:41:51.039938",
    "record_count": 64
  },
  "results": [
    {
      "subdomain": "gtm.dartai.com",
      "source": "crt.sh",
      "issuer": "C=US, O=Google Trust Services, CN=WR3"
    },
    {
      "subdomain": "changelog.dartai.com",
      "source": "crt.sh",
      "issuer": "C=US, O=Let's Encrypt, CN=E8"
    },
    {
      "subdomain": "help.dartai.com",
      "source": "crt.sh",
      "issuer": "C=US, O=Google Trust Services, CN=WR1"
    },
    {
      "subdomain": "app.dartai.com",
      "source": "crt.sh",
      "issuer": "C=US, O=Let's Encrypt, CN=R12"
    },
    {
      "subdomain": "pomodoro.dartai.com",
      "source": "crt.sh",
      "issuer": "C=US, O=Let's Encrypt, CN=R12"
    },
    {
      "subdomain": "dartai.com",
      "source": "crt.sh",
      "issuer": "C=US, O=Google Trust Services, CN=WE1"
    },
    {
      "subdomain": "www.dartai.com",
      "source": "crt.sh",
      "issuer": "C=US, O=Google Trust Services, CN=WE1"
    },
    {
      "subdomain": "billing.dartai.com",
      "source": "crt.sh",
      "issuer": "C=US, O=Google Trust Services, CN=WE1"
    },
    {
      "subdomain": "pomodoro.preview-1.dartai.com",
      "source": "crt.sh",
      "issuer": "C=US, O=Let's Encrypt, CN=R12"
    },
    {
      "subdomain": "pomodoro.preview-2.dartai.com",
      "source": "crt.sh",
      "issuer": "C=US, O=Let's Encrypt, CN=R12"
    },
    {
      "subdomain": "pomodoro.preview-3.dartai.com",
      "source": "crt.sh",
      "issuer": "C=US, O=Let's Encrypt, CN=R12"
    },
    {
      "subdomain": "preview-1.dartai.com",
      "source": "crt.sh",
      "issuer": "C=US, O=Let's Encrypt, CN=R12"
    },
    {
      "subdomain": "preview-2.dartai.com",
      "source": "crt.sh",
      "issuer": "C=US, O=Let's Encrypt, CN=R12"
    },
    {
      "subdomain": "preview-3.dartai.com",
      "source": "crt.sh",
      "issuer": "C=US, O=Let's Encrypt, CN=R12"
    },
    {
      "subdomain": "pomodoro.stag.dartai.com",
      "source": "crt.sh",
      "issuer": "C=US, O=Let's Encrypt, CN=R13"
    },
    {
      "subdomain": "stag.dartai.com",
      "source": "crt.sh",
      "issuer": "C=US, O=Let's Encrypt, CN=R13"
    },
    {
      "subdomain": "mcp.dartai.com",
      "source": "crt.sh",
      "issuer": "C=US, O=Let's Encrypt, CN=R12"
    },
    {
      "subdomain": "status.dartai.com",
      "source": "crt.sh",
      "issuer": "C=US, O=Let's Encrypt, CN=E7"
    },
    {
      "subdomain": "mcp.stag.dartai.com",
      "source": "crt.sh",
      "issuer": "C=US, O=Let's Encrypt, CN=R13"
    },
    {
      "subdomain": "video.dartai.com",
      "source": "crt.sh",
      "issuer": "C=US, O=Let's Encrypt, CN=R13"
    },
    {
      "subdomain": "flower.stag.dartai.com",
      "source": "crt.sh",
      "issuer": "C=US, O=Let's Encrypt, CN=R12"
    },
    {
      "subdomain": "flower.dartai.com",
      "source": "crt.sh",
      "issuer": "C=US, O=Let's Encrypt, CN=R13"
    },
    {
      "subdomain": "argocd.stag.dartai.com",
      "source": "crt.sh",
      "issuer": "C=US, O=Let's Encrypt, CN=R13"
    },
    {
      "subdomain": "argocd.dartai.com",
      "source": "crt.sh",
      "issuer": "C=US, O=Let's Encrypt, CN=R12"
    },
    {
      "subdomain": "monitoring.dartai.com",
      "source": "crt.sh",
      "issuer": "C=US, O=Let's Encrypt, CN=R12"
    },
    {
      "subdomain": "monitoring.stag.dartai.com",
      "source": "crt.sh",
      "issuer": "C=US, O=Let's Encrypt, CN=R12"
    },
    {
      "subdomain": "mcp-1.stag.dartai.com",
      "source": "crt.sh",
      "issuer": "C=US, O=Let's Encrypt, CN=R10"
    },
    {
      "subdomain": "pomodoro.preview-1.dartai.com",
      "source": "SecurityTrails",
      "issuer": "N/A"
    },
    {
      "subdomain": "flower.dartai.com",
      "source": "SecurityTrails",
      "issuer": "N/A"
    },
    {
      "subdomain": "www.dartai.com",
      "source": "SecurityTrails",
      "issuer": "N/A"
    },
    {
      "subdomain": "monitoring.stag.dartai.com",
      "source": "SecurityTrails",
      "issuer": "N/A"
    },
    {
      "subdomain": "argocd.dartai.com",
      "source": "SecurityTrails",
      "issuer": "N/A"
    },
    {
      "subdomain": "preview-3.dartai.com",
      "source": "SecurityTrails",
      "issuer": "N/A"
    },
    {
      "subdomain": "pomodoro.preview-3.dartai.com",
      "source": "SecurityTrails",
      "issuer": "N/A"
    },
    {
      "subdomain": "argocd.stag.dartai.com",
      "source": "SecurityTrails",
      "issuer": "N/A"
    },
    {
      "subdomain": "mcp.stag.dartai.com",
      "source": "SecurityTrails",
      "issuer": "N/A"
    },
    {
      "subdomain": "mcp.dartai.com",
      "source": "SecurityTrails",
      "issuer": "N/A"
    },
    {
      "subdomain": "monitoring.dartai.com",
      "source": "SecurityTrails",
      "issuer": "N/A"
    },
    {
      "subdomain": "preview-2.dartai.com",
      "source": "SecurityTrails",
      "issuer": "N/A"
    },
    {
      "subdomain": "changelog.dartai.com",
      "source": "SecurityTrails",
      "issuer": "N/A"
    },
    {
      "subdomain": "billing.dartai.com",
      "source": "SecurityTrails",
      "issuer": "N/A"
    },
    {
      "subdomain": "pomodoro.dartai.com",
      "source": "SecurityTrails",
      "issuer": "N/A"
    },
    {
      "subdomain": "help.dartai.com",
      "source": "SecurityTrails",
      "issuer": "N/A"
    },
    {
      "subdomain": "gtm.dartai.com",
      "source": "SecurityTrails",
      "issuer": "N/A"
    },
    {
      "subdomain": "video.dartai.com",
      "source": "SecurityTrails",
      "issuer": "N/A"
    },
    {
      "subdomain": "pomodoro.stag.dartai.com",
      "source": "SecurityTrails",
      "issuer": "N/A"
    },
    {
      "subdomain": "mcp-1.stag.dartai.com",
      "source": "SecurityTrails",
      "issuer": "N/A"
    },
    {
      "subdomain": "preview-1.dartai.com",
      "source": "SecurityTrails",
      "issuer": "N/A"
    },
    {
      "subdomain": "flower.stag.dartai.com",
      "source": "SecurityTrails",
      "issuer": "N/A"
    },
    {
      "subdomain": "pomodoro.preview-2.dartai.com",
      "source": "SecurityTrails",
      "issuer": "N/A"
    },
    {
      "subdomain": "url1503.dartai.com",
      "source": "SecurityTrails",
      "issuer": "N/A"
    },
    {
      "subdomain": "app.dartai.com",
      "source": "SecurityTrails",
      "issuer": "N/A"
    },
    {
      "subdomain": "stag.dartai.com",
      "source": "SecurityTrails",
      "issuer": "N/A"
    },
    {
      "subdomain": "status.dartai.com",
      "source": "SecurityTrails",
      "issuer": "N/A"
    },
    {
      "subdomain": "url1503.dartai.com",
      "source": "VirusTotal",
      "issuer": "N/A"
    },
    {
      "subdomain": "mcp.dartai.com",
      "source": "VirusTotal",
      "issuer": "N/A"
    },
    {
      "subdomain": "changelog.dartai.com",
      "source": "VirusTotal",
      "issuer": "N/A"
    },
    {
      "subdomain": "video.dartai.com",
      "source": "VirusTotal",
      "issuer": "N/A"
    },
    {
      "subdomain": "billing.dartai.com",
      "source": "VirusTotal",
      "issuer": "N/A"
    },
    {
      "subdomain": "status.dartai.com",
      "source": "VirusTotal",
      "issuer": "N/A"
    },
    {
      "subdomain": "monitoring.dartai.com",
      "source": "VirusTotal",
      "issuer": "N/A"
    },
    {
      "subdomain": "dartai.com",
      "source": "VirusTotal",
      "issuer": "N/A"
    },
    {
      "subdomain": "stag.dartai.com",
      "source": "VirusTotal",
      "issuer": "N/A"
    },
    {
      "subdomain": "pomodoro.dartai.com",
      "source": "VirusTotal",
      "issuer": "N/A"
    }
  ]
}