{
  "metadata": {
    "module": "ssl_tls_analysis",
    "target": "dartai.com",
    "timestamp": "2025-12-21T20:27:41.379102",
    "record_count": 1
  },
  "results": [
    {
      "domain": "dartai.com",
      "certificate_details": {
        "subject": {
          "commonName": "dartai.com"
        },
        "issuer": {
          "countryName": "US",
          "organizationName": "Google Trust Services",
          "commonName": "WE1"
        },
        "version": 3,
        "serial_number": "0x3a6ede7aae1eefc80da24351bf255af0",
        "not_before": "Dec  5 18:03:59 2025 GMT",
        "not_after": "Mar  5 19:03:50 2026 GMT",
        "signature_algorithm": "ecdsa-with-SHA256",
        "subject_alt_names": [
          "dartai.com"
        ],
        "public_key_bits": 256,
        "public_key_type": "DSA",
        "extensions": {
          "keyUsage": {
            "critical": 1,
            "value": "Digital Signature"
          },
          "extendedKeyUsage": {
            "critical": 0,
            "value": "TLS Web Server Authentication"
          },
          "basicConstraints": {
            "critical": 1,
            "value": "CA:FALSE"
          },
          "subjectKeyIdentifier": {
            "critical": 0,
            "value": "59:18:0D:F2:D2:1A:C7:DB:8E:7E:4D:10:CD:FE:E7:68:58:A5:9C:DE"
          },
          "authorityKeyIdentifier": {
            "critical": 0,
            "value": "90:77:92:35:67:C4:FF:A8:CC:A9:E6:7B:D9:80:79:7B:CC:93:F9:38"
          },
          "authorityInfoAccess": {
            "critical": 0,
            "value": "OCSP - URI:http://o.pki.goog/s/we1/Om4\nCA Issuers - URI:http://i.pki.goog/we1.crt"
          },
          "subjectAltName": {
            "critical": 0,
            "value": "DNS:dartai.com"
          },
          "certificatePolicies": {
            "critical": 0,
            "value": "Policy: 2.23.140.1.2.1"
          },
          "crlDistributionPoints": {
            "critical": 0,
            "value": "Full Name:\n  URI:http://c.pki.goog/we1/5RpMhq5ShrY.crl\n"
          },
          "ct_precert_scts": {
            "critical": 0,
            "value": "Signed Certificate Timestamp:\n    Version   : v1 (0x0)\n    Log ID    : D1:6E:A9:A5:68:07:7E:66:35:A0:3F:37:A5:DD:BC:03:\n                A5:3C:41:12:14:D4:88:18:F5:E9:31:B3:23:CB:95:04\n    Timestamp : Dec  5 19:03:59.965 2025 GMT\n    Extensions: none\n    Signature : ecdsa-with-SHA256\n                30:46:02:21:00:F7:82:6B:23:35:9F:65:C5:90:6D:4D:\n                7F:E4:CD:BF:B3:23:CF:0E:53:BC:57:99:BA:2E:76:04:\n                E7:9D:56:0D:BF:02:21:00:FB:DA:7C:91:30:34:AA:B9:\n                5C:F8:73:9D:F9:14:09:F3:B0:DB:AC:6F:2C:9C:60:B0:\n                6B:50:7F:F7:BC:19:AB:2D\nSigned Certificate Timestamp:\n    Version   : v1 (0x0)\n    Log ID    : 96:97:64:BF:55:58:97:AD:F7:43:87:68:37:08:42:77:\n                E9:F0:3A:D5:F6:A4:F3:36:6E:46:A4:3F:0F:CA:A9:C6\n    Timestamp : Dec  5 19:03:59.774 2025 GMT\n    Extensions: none\n    Signature : ecdsa-with-SHA256\n                30:44:02:20:0A:C3:CE:3A:B2:BC:BC:C2:BC:14:8B:C4:\n                56:29:E9:FE:9D:F4:EB:E2:97:31:DE:31:34:83:FB:30:\n                31:A5:E9:1E:02:20:04:1D:17:72:AF:C5:36:B6:48:A3:\n                19:FC:3D:9B:E2:9F:A5:41:AE:4B:3F:47:21:40:EA:9F:\n                41:49:AF:93:DB:0E"
          }
        },
        "days_until_expiry": 73,
        "expiry_status": "Valid"
      },
      "security_analysis": {
        "overall_status": "WARNING - Minor issues detected",
        "issues": [],
        "warnings": [
          "Certificate expires in 73 days"
        ],
        "recommendations": [
          "No immediate actions required"
        ],
        "issuer": "WE1",
        "validity_period": "Dec  5 18:03:59 2025 GMT to Mar  5 19:03:50 2026 GMT",
        "expiry_status": "Valid",
        "days_until_expiry": 73
      },
      "cipher_info": {
        "supported_protocols": [
          "TLS 1.3",
          "TLS 1.2"
        ],
        "cipher_suite": "TLS_AES_256_GCM_SHA384",
        "weak_ciphers": [],
        "protocol_issues": [
          "TLS configuration appears secure"
        ]
      },
      "overall_status": "WARNING - Minor issues detected",
      "issues_found": [],
      "recommendations": [
        "No immediate actions required"
      ],
      "alternative_tools": {
        "primary_tool": "Python SSL/OpenSSL",
        "alternatives": [
          "SSL Labs (Qualys) - https://www.ssllabs.com/ssltest/",
          "testssl.sh - https://testssl.sh/",
          "SSLyze - https://github.com/nabla-c0d3/sslyze",
          "OpenSSL CLI - openssl s_client -connect",
          "Mozilla Observatory - https://observatory.mozilla.org/",
          "ImmuniWeb SSL Test - https://www.immuniweb.com/ssl/",
          "DigiCert SSL Checker - https://www.digicert.com/help/",
          "Censys - https://censys.io/"
        ]
      }
    }
  ]
}