{
  "metadata": {
    "module": "ip_reputation",
    "target": "dartai.com",
    "timestamp": "2025-12-21T20:27:39.975338",
    "record_count": 1
  },
  "results": [
    {
      "ip": "198.202.211.1",
      "target": "dartai.com",
      "reputation_status": "Clean - No negative reputation detected",
      "threat_level": "Low",
      "threat_sources": [],
      "clean_sources": [
        "VirusTotal",
        "AbuseIPDB"
      ],
      "malicious_count": 0,
      "clean_count": 2,
      "details": {
        "virustotal": {
          "malicious": 0,
          "suspicious": 2,
          "harmless": 60,
          "undetected": 33,
          "reputation": -11,
          "country": "US",
          "asn": 209242,
          "as_owner": "Cloudflare London, LLC"
        },
        "abuseipdb": {
          "abuseConfidenceScore": 14,
          "usageType": "Content Delivery Network",
          "isp": "Webflow, Inc",
          "domain": "webflow.com",
          "countryCode": "US",
          "isWhitelisted": false,
          "totalReports": 3,
          "numDistinctUsers": 3,
          "lastReportedAt": "2025-12-10T19:07:54+00:00"
        },
        "greynoise": {
          "status": "rate_limited",
          "note": "API rate limit exceeded"
        }
      },
      "alternative_tools": {
        "primary_tools": [
          "VirusTotal",
          "AbuseIPDB",
          "GreyNoise"
        ],
        "alternatives": [
          "IPVoid - https://www.ipvoid.com/",
          "Cisco Talos Intelligence - https://talosintelligence.com/",
          "IBM X-Force Exchange - https://exchange.xforce.ibmcloud.com/",
          "AlienVault OTX - https://otx.alienvault.com/",
          "Shodan - https://www.shodan.io/",
          "IPQualityScore - https://www.ipqualityscore.com/",
          "Threat Crowd - https://www.threatcrowd.org/",
          "Hybrid Analysis - https://www.hybrid-analysis.com/"
        ]
      }
    }
  ]
}