{
  "metadata": {
    "module": "urlscan_lookup",
    "target": "dartai.com",
    "timestamp": "2025-12-18T14:42:09.514313",
    "record_count": 7
  },
  "results": [
    {
      "url": "https://app.dartai.com/",
      "domain": "app.dartai.com",
      "ip": "54.172.81.40",
      "asn": "AS14618",
      "server": "N/A",
      "country": "US",
      "scan_date": "2025-12-02T19:15:39.969Z",
      "source": "URLScan.io"
    },
    {
      "url": "https://www.dartai.com/",
      "domain": "www.dartai.com",
      "ip": "35.152.117.67",
      "asn": "AS16509",
      "server": "N/A",
      "country": "IT",
      "scan_date": "2025-07-14T09:48:21.504Z",
      "source": "URLScan.io"
    },
    {
      "url": "https://pomodoro.preview-2.dartai.com/",
      "domain": "pomodoro.preview-2.dartai.com",
      "ip": "52.5.100.105",
      "asn": "AS14618",
      "server": "N/A",
      "country": "US",
      "scan_date": "2025-07-13T07:06:14.414Z",
      "source": "URLScan.io"
    },
    {
      "url": "https://preview-2.dartai.com/",
      "domain": "preview-2.dartai.com",
      "ip": "44.215.214.157",
      "asn": "AS14618",
      "server": "N/A",
      "country": "US",
      "scan_date": "2025-07-13T06:53:16.393Z",
      "source": "URLScan.io"
    },
    {
      "url": "https://pomodoro.stag.dartai.com/",
      "domain": "pomodoro.stag.dartai.com",
      "ip": "44.215.214.157",
      "asn": "AS14618",
      "server": "N/A",
      "country": "US",
      "scan_date": "2025-07-13T06:45:17.909Z",
      "source": "URLScan.io"
    },
    {
      "url": "https://www.dartai.com/",
      "domain": "www.dartai.com",
      "ip": "15.160.106.203",
      "asn": "AS16509",
      "server": "N/A",
      "country": "IT",
      "scan_date": "2025-06-20T17:25:43.207Z",
      "source": "URLScan.io"
    },
    {
      "url": "https://www.dartai.com/",
      "domain": "www.dartai.com",
      "ip": "35.152.117.67",
      "asn": "AS16509",
      "server": "N/A",
      "country": "IT",
      "scan_date": "2025-06-20T17:24:38.961Z",
      "source": "URLScan.io"
    }
  ]
}