{
  "metadata": {
    "module": "port_enumeration",
    "target": "dartai.com",
    "timestamp": "2025-12-18T14:44:25.246159",
    "record_count": 13
  },
  "results": [
    {
      "port": 2096,
      "ip": "198.202.211.1",
      "protocol": "tcp",
      "source": "Shodan",
      "state": "open",
      "banner": "HTTP/1.1 400 Bad Request\r\nServer: cloudflare\r\nDate: Wed, 17 Dec 2025 17:15:29 GMT\r\nContent-Type: text/html\r\nContent-Length: 655\r\nConnection: close\r\nCF-RAY: -\r\n\r\n",
      "sources": [
        "Shodan"
      ]
    },
    {
      "port": 2082,
      "ip": "198.202.211.1",
      "protocol": "tcp",
      "source": "Shodan",
      "state": "open",
      "banner": "HTTP/1.1 403 Forbidden\r\nDate: Wed, 17 Dec 2025 16:35:02 GMT\r\nContent-Type: text/html; charset=UTF-8\r\nContent-Length: 6237\r\nConnection: close\r\nX-Frame-Options: SAMEORIGIN\r\nReferrer-Policy: same-origin\r",
      "sources": [
        "Shodan"
      ]
    },
    {
      "port": 2083,
      "ip": "198.202.211.1",
      "protocol": "tcp",
      "source": "Shodan",
      "state": "open",
      "banner": "HTTP/1.1 400 Bad Request\r\nServer: cloudflare\r\nDate: Thu, 18 Dec 2025 01:59:06 GMT\r\nContent-Type: text/html\r\nContent-Length: 655\r\nConnection: close\r\nCF-RAY: -\r\n\r\n",
      "sources": [
        "Shodan"
      ]
    },
    {
      "port": 2052,
      "ip": "198.202.211.1",
      "protocol": "tcp",
      "source": "Shodan",
      "state": "open",
      "banner": "HTTP/1.1 403 Forbidden\r\nDate: Wed, 17 Dec 2025 00:09:47 GMT\r\nContent-Type: text/html; charset=UTF-8\r\nContent-Length: 6235\r\nConnection: close\r\nX-Frame-Options: SAMEORIGIN\r\nReferrer-Policy: same-origin\r",
      "sources": [
        "Shodan"
      ]
    },
    {
      "port": 2053,
      "ip": "198.202.211.1",
      "protocol": "tcp",
      "source": "Shodan",
      "state": "open",
      "banner": "HTTP/1.1 400 Bad Request\r\nServer: cloudflare\r\nDate: Wed, 17 Dec 2025 18:43:06 GMT\r\nContent-Type: text/html\r\nContent-Length: 655\r\nConnection: close\r\nCF-RAY: -\r\n\r\n",
      "sources": [
        "Shodan"
      ]
    },
    {
      "port": 2086,
      "ip": "198.202.211.1",
      "protocol": "tcp",
      "source": "Shodan",
      "state": "open",
      "banner": "HTTP/1.1 403 Forbidden\r\nDate: Thu, 18 Dec 2025 00:44:04 GMT\r\nContent-Type: text/html; charset=UTF-8\r\nContent-Length: 6234\r\nConnection: close\r\nX-Frame-Options: SAMEORIGIN\r\nReferrer-Policy: same-origin\r",
      "sources": [
        "Shodan"
      ]
    },
    {
      "port": 2087,
      "ip": "198.202.211.1",
      "protocol": "tcp",
      "source": "Shodan",
      "state": "open",
      "banner": "HTTP/1.1 400 Bad Request\r\nServer: cloudflare\r\nDate: Wed, 17 Dec 2025 22:55:34 GMT\r\nContent-Type: text/html\r\nContent-Length: 655\r\nConnection: close\r\nCF-RAY: -\r\n\r\n",
      "sources": [
        "Shodan"
      ]
    },
    {
      "port": 2095,
      "ip": "198.202.211.1",
      "protocol": "tcp",
      "source": "Shodan",
      "state": "open",
      "banner": "HTTP/1.1 403 Forbidden\r\nDate: Thu, 18 Dec 2025 04:09:01 GMT\r\nContent-Type: text/html; charset=UTF-8\r\nContent-Length: 6234\r\nConnection: close\r\nX-Frame-Options: SAMEORIGIN\r\nReferrer-Policy: same-origin\r",
      "sources": [
        "Shodan"
      ]
    },
    {
      "port": 80,
      "ip": "198.202.211.1",
      "protocol": "tcp",
      "source": "Shodan",
      "state": "open",
      "service": "CloudFlare",
      "banner": "HTTP/1.1 403 Forbidden\r\nDate: Wed, 17 Dec 2025 20:16:53 GMT\r\nContent-Type: text/html; charset=UTF-8\r\nContent-Length: 6236\r\nConnection: close\r\nX-Frame-Options: SAMEORIGIN\r\nReferrer-Policy: same-origin\r",
      "sources": [
        "Shodan"
      ]
    },
    {
      "port": 8880,
      "ip": "198.202.211.1",
      "protocol": "tcp",
      "source": "Shodan",
      "state": "open",
      "banner": "HTTP/1.1 403 Forbidden\r\nDate: Wed, 17 Dec 2025 21:24:00 GMT\r\nContent-Type: text/plain; charset=UTF-8\r\nContent-Length: 16\r\nConnection: close\r\nX-Frame-Options: SAMEORIGIN\r\nReferrer-Policy: same-origin\r\n",
      "sources": [
        "Shodan"
      ]
    },
    {
      "port": 8080,
      "ip": "198.202.211.1",
      "protocol": "tcp",
      "source": "Shodan",
      "state": "open",
      "service": "CloudFlare",
      "banner": "HTTP/1.1 403 Forbidden\r\nDate: Wed, 17 Dec 2025 17:26:46 GMT\r\nContent-Type: text/html; charset=UTF-8\r\nContent-Length: 6234\r\nConnection: close\r\nX-Frame-Options: SAMEORIGIN\r\nReferrer-Policy: same-origin\r",
      "sources": [
        "Shodan"
      ]
    },
    {
      "port": 8443,
      "ip": "198.202.211.1",
      "protocol": "tcp",
      "source": "Shodan",
      "state": "open",
      "service": "CloudFlare",
      "banner": "HTTP/1.1 400 Bad Request\r\nServer: cloudflare\r\nDate: Wed, 17 Dec 2025 21:12:14 GMT\r\nContent-Type: text/html\r\nContent-Length: 655\r\nConnection: close\r\nCF-RAY: -\r\n\r\n",
      "sources": [
        "Shodan"
      ]
    },
    {
      "port": 443,
      "ip": "198.202.211.1",
      "protocol": "tcp",
      "source": "Shodan",
      "state": "open",
      "service": "CloudFlare",
      "banner": "HTTP/1.1 400 Bad Request\r\nServer: cloudflare\r\nDate: Wed, 17 Dec 2025 17:40:58 GMT\r\nContent-Type: text/html\r\nContent-Length: 655\r\nConnection: close\r\nCF-RAY: -\r\n\r\n",
      "sources": [
        "Shodan"
      ]
    }
  ]
}