{
  "metadata": {
    "module": "port_enumeration",
    "target": "dartai.com",
    "timestamp": "2025-12-21T20:27:36.634714",
    "record_count": 13
  },
  "results": [
    {
      "port": 2096,
      "ip": "198.202.211.1",
      "protocol": "tcp",
      "source": "Shodan",
      "state": "open",
      "banner": "HTTP/1.1 400 Bad Request\r\nServer: cloudflare\r\nDate: Wed, 17 Dec 2025 17:15:29 GMT\r\nContent-Type: text/html\r\nContent-Length: 655\r\nConnection: close\r\nCF-RAY: -\r\n\r\n",
      "sources": [
        "Shodan"
      ]
    },
    {
      "port": 2082,
      "ip": "198.202.211.1",
      "protocol": "tcp",
      "source": "Shodan",
      "state": "open",
      "banner": "HTTP/1.1 403 Forbidden\r\nDate: Sun, 21 Dec 2025 10:28:47 GMT\r\nContent-Type: text/html; charset=UTF-8\r\nContent-Length: 6235\r\nConnection: close\r\nX-Frame-Options: SAMEORIGIN\r\nReferrer-Policy: same-origin\r",
      "sources": [
        "Shodan"
      ]
    },
    {
      "port": 2083,
      "ip": "198.202.211.1",
      "protocol": "tcp",
      "source": "Shodan",
      "state": "open",
      "banner": "HTTP/1.1 400 Bad Request\r\nServer: cloudflare\r\nDate: Sun, 21 Dec 2025 09:09:32 GMT\r\nContent-Type: text/html\r\nContent-Length: 655\r\nConnection: close\r\nCF-RAY: -\r\n\r\n",
      "sources": [
        "Shodan"
      ]
    },
    {
      "port": 2052,
      "ip": "198.202.211.1",
      "protocol": "tcp",
      "source": "Shodan",
      "state": "open",
      "banner": "HTTP/1.1 403 Forbidden\r\nDate: Wed, 17 Dec 2025 00:09:47 GMT\r\nContent-Type: text/html; charset=UTF-8\r\nContent-Length: 6235\r\nConnection: close\r\nX-Frame-Options: SAMEORIGIN\r\nReferrer-Policy: same-origin\r",
      "sources": [
        "Shodan"
      ]
    },
    {
      "port": 2053,
      "ip": "198.202.211.1",
      "protocol": "tcp",
      "source": "Shodan",
      "state": "open",
      "banner": "HTTP/1.1 400 Bad Request\r\nServer: cloudflare\r\nDate: Sat, 20 Dec 2025 16:44:57 GMT\r\nContent-Type: text/html\r\nContent-Length: 655\r\nConnection: close\r\nCF-RAY: -\r\n\r\n",
      "sources": [
        "Shodan"
      ]
    },
    {
      "port": 2086,
      "ip": "198.202.211.1",
      "protocol": "tcp",
      "source": "Shodan",
      "state": "open",
      "banner": "HTTP/1.1 403 Forbidden\r\nDate: Sun, 21 Dec 2025 08:58:35 GMT\r\nContent-Type: text/html; charset=UTF-8\r\nContent-Length: 6235\r\nConnection: close\r\nX-Frame-Options: SAMEORIGIN\r\nReferrer-Policy: same-origin\r",
      "sources": [
        "Shodan"
      ]
    },
    {
      "port": 2087,
      "ip": "198.202.211.1",
      "protocol": "tcp",
      "source": "Shodan",
      "state": "open",
      "banner": "HTTP/1.1 400 Bad Request\r\nServer: cloudflare\r\nDate: Sun, 21 Dec 2025 08:36:03 GMT\r\nContent-Type: text/html\r\nContent-Length: 655\r\nConnection: close\r\nCF-RAY: -\r\n\r\n",
      "sources": [
        "Shodan"
      ]
    },
    {
      "port": 2095,
      "ip": "198.202.211.1",
      "protocol": "tcp",
      "source": "Shodan",
      "state": "open",
      "banner": "HTTP/1.1 403 Forbidden\r\nDate: Thu, 18 Dec 2025 04:09:01 GMT\r\nContent-Type: text/html; charset=UTF-8\r\nContent-Length: 6234\r\nConnection: close\r\nX-Frame-Options: SAMEORIGIN\r\nReferrer-Policy: same-origin\r",
      "sources": [
        "Shodan"
      ]
    },
    {
      "port": 80,
      "ip": "198.202.211.1",
      "protocol": "tcp",
      "source": "Shodan",
      "state": "open",
      "service": "CloudFlare",
      "banner": "HTTP/1.1 403 Forbidden\r\nDate: Sat, 20 Dec 2025 18:23:28 GMT\r\nContent-Type: text/html; charset=UTF-8\r\nContent-Length: 6235\r\nConnection: close\r\nX-Frame-Options: SAMEORIGIN\r\nReferrer-Policy: same-origin\r",
      "sources": [
        "Shodan"
      ]
    },
    {
      "port": 8880,
      "ip": "198.202.211.1",
      "protocol": "tcp",
      "source": "Shodan",
      "state": "open",
      "banner": "HTTP/1.1 403 Forbidden\r\nDate: Sun, 21 Dec 2025 09:20:37 GMT\r\nContent-Type: text/plain; charset=UTF-8\r\nContent-Length: 16\r\nConnection: close\r\nX-Frame-Options: SAMEORIGIN\r\nReferrer-Policy: same-origin\r\n",
      "sources": [
        "Shodan"
      ]
    },
    {
      "port": 8080,
      "ip": "198.202.211.1",
      "protocol": "tcp",
      "source": "Shodan",
      "state": "open",
      "service": "CloudFlare",
      "banner": "HTTP/1.1 403 Forbidden\r\nDate: Sun, 21 Dec 2025 11:55:25 GMT\r\nContent-Type: text/html; charset=UTF-8\r\nContent-Length: 6233\r\nConnection: close\r\nX-Frame-Options: SAMEORIGIN\r\nReferrer-Policy: same-origin\r",
      "sources": [
        "Shodan"
      ]
    },
    {
      "port": 8443,
      "ip": "198.202.211.1",
      "protocol": "tcp",
      "source": "Shodan",
      "state": "open",
      "service": "CloudFlare",
      "banner": "HTTP/1.1 400 Bad Request\r\nServer: cloudflare\r\nDate: Sun, 21 Dec 2025 11:21:42 GMT\r\nContent-Type: text/html\r\nContent-Length: 655\r\nConnection: close\r\nCF-RAY: -\r\n\r\n",
      "sources": [
        "Shodan"
      ]
    },
    {
      "port": 443,
      "ip": "198.202.211.1",
      "protocol": "tcp",
      "source": "Shodan",
      "state": "open",
      "service": "CloudFlare",
      "banner": "HTTP/1.1 400 Bad Request\r\nServer: cloudflare\r\nDate: Sun, 21 Dec 2025 11:18:53 GMT\r\nContent-Type: text/html\r\nContent-Length: 655\r\nConnection: close\r\nCF-RAY: -\r\n\r\n",
      "sources": [
        "Shodan"
      ]
    }
  ]
}