{
  "metadata": {
    "module": "virustotal_lookup",
    "target": "dartai.com",
    "timestamp": "2025-12-21T20:24:24.947010",
    "record_count": 1
  },
  "results": [
    {
      "domain": "dartai.com",
      "reputation": 0,
      "categories": "",
      "last_analysis_stats": "{'malicious': 0, 'suspicious': 0, 'undetected': 33, 'harmless': 62, 'timeout': 0}",
      "popularity_ranks": "{'Cloudflare Radar': {'rank': 500000, 'timestamp': 1766241489}, 'Majestic': {'rank': 572282, 'timest",
      "creation_date": 1560175515,
      "last_update": 1766255247,
      "source": "VirusTotal"
    }
  ]
}