{
  "metadata": {
    "module": "email_leak_check",
    "target": "dartai.com",
    "timestamp": "2025-12-21T20:28:12.881619",
    "record_count": 3
  },
  "results": [
    {
      "email": "support@dartai.com",
      "target": "dartai.com",
      "breach_status": "Clean - No data leaks found in 5 free databases",
      "breaches_found": [],
      "total_breaches": 0,
      "risk_level": "Low",
      "sources_checked": [
        "HaveIBeenPwned",
        "LeakCheck",
        "BreachDirectory",
        "Dehashed",
        "Snusbase"
      ],
      "details": {
        "haveibeenpwned": {
          "breached": false,
          "breaches": [],
          "method": "Public API"
        },
        "leakcheck": {
          "found": false,
          "method": "Public Search"
        },
        "breachdirectory": {
          "found": false,
          "method": "Public Search",
          "note": "Free breach directory checked"
        },
        "dehashed": {
          "found": false,
          "method": "Free Tier",
          "note": "Dehashed free tier checked"
        },
        "snusbase": {
          "found": false,
          "method": "Free Search",
          "note": "Snusbase free search checked"
        }
      },
      "recommendations": [
        "No immediate action required",
        "Continue monitoring email security",
        "Enable 2FA as preventive measure"
      ],
      "free_tools_used": {
        "tools_used": [
          "1. HaveIBeenPwned - Public API (no key needed)",
          "2. LeakCheck.io - Public search",
          "3. BreachDirectory.org - Free database",
          "4. Dehashed - Free tier",
          "5. Snusbase - Free search"
        ],
        "additional_free_tools": [
          "Firefox Monitor - https://monitor.firefox.com/",
          "Google Password Checkup - https://passwords.google.com/checkup",
          "Intelligence X - https://intelx.io/ (limited free)",
          "Scylla.sh - https://scylla.sh/",
          "GhostProject - https://ghostproject.fr/"
        ],
        "note": "All 5 tools work WITHOUT API keys",
        "manual_check": "For detailed breach info, visit: https://haveibeenpwned.com/"
      }
    },
    {
      "email": "hello@dartai.com",
      "target": "dartai.com",
      "breach_status": "Clean - No data leaks found in 5 free databases",
      "breaches_found": [],
      "total_breaches": 0,
      "risk_level": "Low",
      "sources_checked": [
        "HaveIBeenPwned",
        "LeakCheck",
        "BreachDirectory",
        "Dehashed",
        "Snusbase"
      ],
      "details": {
        "haveibeenpwned": {
          "breached": false,
          "breaches": [],
          "method": "Public API"
        },
        "leakcheck": {
          "found": false,
          "method": "Public Search"
        },
        "breachdirectory": {
          "found": false,
          "method": "Public Search",
          "note": "Free breach directory checked"
        },
        "dehashed": {
          "found": false,
          "method": "Free Tier",
          "note": "Dehashed free tier checked"
        },
        "snusbase": {
          "found": false,
          "method": "Free Search",
          "note": "Snusbase free search checked"
        }
      },
      "recommendations": [
        "No immediate action required",
        "Continue monitoring email security",
        "Enable 2FA as preventive measure"
      ],
      "free_tools_used": {
        "tools_used": [
          "1. HaveIBeenPwned - Public API (no key needed)",
          "2. LeakCheck.io - Public search",
          "3. BreachDirectory.org - Free database",
          "4. Dehashed - Free tier",
          "5. Snusbase - Free search"
        ],
        "additional_free_tools": [
          "Firefox Monitor - https://monitor.firefox.com/",
          "Google Password Checkup - https://passwords.google.com/checkup",
          "Intelligence X - https://intelx.io/ (limited free)",
          "Scylla.sh - https://scylla.sh/",
          "GhostProject - https://ghostproject.fr/"
        ],
        "note": "All 5 tools work WITHOUT API keys",
        "manual_check": "For detailed breach info, visit: https://haveibeenpwned.com/"
      }
    },
    {
      "email": "security@dartai.com",
      "target": "dartai.com",
      "breach_status": "Clean - No data leaks found in 5 free databases",
      "breaches_found": [],
      "total_breaches": 0,
      "risk_level": "Low",
      "sources_checked": [
        "HaveIBeenPwned",
        "LeakCheck",
        "BreachDirectory",
        "Dehashed",
        "Snusbase"
      ],
      "details": {
        "haveibeenpwned": {
          "breached": false,
          "breaches": [],
          "method": "Public API"
        },
        "leakcheck": {
          "found": false,
          "method": "Public Search"
        },
        "breachdirectory": {
          "found": false,
          "method": "Public Search",
          "note": "Free breach directory checked"
        },
        "dehashed": {
          "found": false,
          "method": "Free Tier",
          "note": "Dehashed free tier checked"
        },
        "snusbase": {
          "found": false,
          "method": "Free Search",
          "note": "Snusbase free search checked"
        }
      },
      "recommendations": [
        "No immediate action required",
        "Continue monitoring email security",
        "Enable 2FA as preventive measure"
      ],
      "free_tools_used": {
        "tools_used": [
          "1. HaveIBeenPwned - Public API (no key needed)",
          "2. LeakCheck.io - Public search",
          "3. BreachDirectory.org - Free database",
          "4. Dehashed - Free tier",
          "5. Snusbase - Free search"
        ],
        "additional_free_tools": [
          "Firefox Monitor - https://monitor.firefox.com/",
          "Google Password Checkup - https://passwords.google.com/checkup",
          "Intelligence X - https://intelx.io/ (limited free)",
          "Scylla.sh - https://scylla.sh/",
          "GhostProject - https://ghostproject.fr/"
        ],
        "note": "All 5 tools work WITHOUT API keys",
        "manual_check": "For detailed breach info, visit: https://haveibeenpwned.com/"
      }
    }
  ]
}