{
  "metadata": {
    "module": "wayback_search",
    "target": "dartai.com",
    "timestamp": "2025-12-18T14:43:18.414275",
    "record_count": 43
  },
  "results": [
    {
      "url": "http://dartai.com:80/",
      "timestamp": "2001-02-01 06:38:00",
      "status_code": "200",
      "mime_type": "text/html",
      "archive_url": "https://web.archive.org/web/20010201063800/http://dartai.com:80/",
      "source": "Wayback Machine"
    },
    {
      "url": "http://dartai.com:80/",
      "timestamp": "2001-02-02 08:16:00",
      "status_code": "200",
      "mime_type": "text/html",
      "archive_url": "https://web.archive.org/web/20010202081600/http://dartai.com:80/",
      "source": "Wayback Machine"
    },
    {
      "url": "http://www.dartai.com:80/",
      "timestamp": "2001-03-02 11:58:47",
      "status_code": "200",
      "mime_type": "text/html",
      "archive_url": "https://web.archive.org/web/20010302115847/http://www.dartai.com:80/",
      "source": "Wayback Machine"
    },
    {
      "url": "http://www.dartai.com:80/",
      "timestamp": "2001-04-02 03:26:49",
      "status_code": "200",
      "mime_type": "text/html",
      "archive_url": "https://web.archive.org/web/20010402032649/http://www.dartai.com:80/",
      "source": "Wayback Machine"
    },
    {
      "url": "http://dartai.com:80/",
      "timestamp": "2001-04-02 05:12:06",
      "status_code": "200",
      "mime_type": "text/html",
      "archive_url": "https://web.archive.org/web/20010402051206/http://dartai.com:80/",
      "source": "Wayback Machine"
    },
    {
      "url": "http://www.dartai.com:80/",
      "timestamp": "2001-05-18 23:51:54",
      "status_code": "200",
      "mime_type": "text/html",
      "archive_url": "https://web.archive.org/web/20010518235154/http://www.dartai.com:80/",
      "source": "Wayback Machine"
    },
    {
      "url": "http://www.dartai.com:80/",
      "timestamp": "2004-04-04 09:38:40",
      "status_code": "302",
      "mime_type": "text/html",
      "archive_url": "https://web.archive.org/web/20040404093840/http://www.dartai.com:80/",
      "source": "Wayback Machine"
    },
    {
      "url": "http://www.dartai.com:80/",
      "timestamp": "2004-05-24 01:07:53",
      "status_code": "200",
      "mime_type": "text/html",
      "archive_url": "https://web.archive.org/web/20040524010753/http://www.dartai.com:80/",
      "source": "Wayback Machine"
    },
    {
      "url": "http://www.dartai.com:80/",
      "timestamp": "2004-06-07 18:02:13",
      "status_code": "200",
      "mime_type": "text/html",
      "archive_url": "https://web.archive.org/web/20040607180213/http://www.dartai.com:80/",
      "source": "Wayback Machine"
    },
    {
      "url": "http://www.dartai.com:80/",
      "timestamp": "2004-08-28 17:49:49",
      "status_code": "200",
      "mime_type": "text/html",
      "archive_url": "https://web.archive.org/web/20040828174949/http://www.dartai.com:80/",
      "source": "Wayback Machine"
    },
    {
      "url": "http://www.dartai.com:80/",
      "timestamp": "2004-08-31 13:31:01",
      "status_code": "200",
      "mime_type": "text/html",
      "archive_url": "https://web.archive.org/web/20040831133101/http://www.dartai.com:80/",
      "source": "Wayback Machine"
    },
    {
      "url": "http://www.dartai.com:80/",
      "timestamp": "2004-09-19 03:52:42",
      "status_code": "200",
      "mime_type": "text/html",
      "archive_url": "https://web.archive.org/web/20040919035242/http://www.dartai.com:80/",
      "source": "Wayback Machine"
    },
    {
      "url": "http://www.dartai.com:80/",
      "timestamp": "2004-12-04 10:30:13",
      "status_code": "200",
      "mime_type": "text/html",
      "archive_url": "https://web.archive.org/web/20041204103013/http://www.dartai.com:80/",
      "source": "Wayback Machine"
    },
    {
      "url": "http://www.dartai.com:80/",
      "timestamp": "2005-02-09 02:03:02",
      "status_code": "200",
      "mime_type": "text/html",
      "archive_url": "https://web.archive.org/web/20050209020302/http://www.dartai.com:80/",
      "source": "Wayback Machine"
    },
    {
      "url": "http://dartai.com/",
      "timestamp": "2013-05-26 22:25:36",
      "status_code": "200",
      "mime_type": "text/html",
      "archive_url": "https://web.archive.org/web/20130526222536/http://dartai.com/",
      "source": "Wayback Machine"
    },
    {
      "url": "http://dartai.com/",
      "timestamp": "2014-01-02 09:15:16",
      "status_code": "200",
      "mime_type": "text/html",
      "archive_url": "https://web.archive.org/web/20140102091516/http://dartai.com/",
      "source": "Wayback Machine"
    },
    {
      "url": "http://dartai.com/",
      "timestamp": "2014-05-17 05:05:34",
      "status_code": "200",
      "mime_type": "text/html",
      "archive_url": "https://web.archive.org/web/20140517050534/http://dartai.com/",
      "source": "Wayback Machine"
    },
    {
      "url": "http://www.dartai.com:80/",
      "timestamp": "2018-06-24 04:34:48",
      "status_code": "200",
      "mime_type": "text/html",
      "archive_url": "https://web.archive.org/web/20180624043448/http://www.dartai.com:80/",
      "source": "Wayback Machine"
    },
    {
      "url": "http://www.dartai.com:80/",
      "timestamp": "2018-07-25 13:20:09",
      "status_code": "200",
      "mime_type": "text/html",
      "archive_url": "https://web.archive.org/web/20180725132009/http://www.dartai.com:80/",
      "source": "Wayback Machine"
    },
    {
      "url": "http://dartai.com/",
      "timestamp": "2018-08-09 02:11:22",
      "status_code": "200",
      "mime_type": "text/html",
      "archive_url": "https://web.archive.org/web/20180809021122/http://dartai.com/",
      "source": "Wayback Machine"
    },
    {
      "url": "http://www.dartai.com:80/",
      "timestamp": "2018-08-26 04:17:15",
      "status_code": "200",
      "mime_type": "text/html",
      "archive_url": "https://web.archive.org/web/20180826041715/http://www.dartai.com:80/",
      "source": "Wayback Machine"
    },
    {
      "url": "http://www.dartai.com:80/",
      "timestamp": "2018-09-26 14:58:34",
      "status_code": "200",
      "mime_type": "text/html",
      "archive_url": "https://web.archive.org/web/20180926145834/http://www.dartai.com:80/",
      "source": "Wayback Machine"
    },
    {
      "url": "http://www.dartai.com:80/",
      "timestamp": "2018-10-28 01:21:38",
      "status_code": "200",
      "mime_type": "text/html",
      "archive_url": "https://web.archive.org/web/20181028012138/http://www.dartai.com:80/",
      "source": "Wayback Machine"
    },
    {
      "url": "http://www.dartai.com:80/",
      "timestamp": "2018-12-07 04:56:03",
      "status_code": "200",
      "mime_type": "text/html",
      "archive_url": "https://web.archive.org/web/20181207045603/http://www.dartai.com:80/",
      "source": "Wayback Machine"
    },
    {
      "url": "http://www.dartai.com:80/",
      "timestamp": "2019-01-10 02:35:10",
      "status_code": "200",
      "mime_type": "text/html",
      "archive_url": "https://web.archive.org/web/20190110023510/http://www.dartai.com:80/",
      "source": "Wayback Machine"
    },
    {
      "url": "http://www.dartai.com:80/",
      "timestamp": "2019-01-11 04:48:51",
      "status_code": "200",
      "mime_type": "text/html",
      "archive_url": "https://web.archive.org/web/20190111044851/http://www.dartai.com:80/",
      "source": "Wayback Machine"
    },
    {
      "url": "http://www.dartai.com:80/",
      "timestamp": "2019-02-28 01:53:33",
      "status_code": "302",
      "mime_type": "text/plain",
      "archive_url": "https://web.archive.org/web/20190228015333/http://www.dartai.com:80/",
      "source": "Wayback Machine"
    },
    {
      "url": "http://www.dartai.com:80/",
      "timestamp": "2019-06-14 12:58:18",
      "status_code": "200",
      "mime_type": "text/html",
      "archive_url": "https://web.archive.org/web/20190614125818/http://www.dartai.com:80/",
      "source": "Wayback Machine"
    },
    {
      "url": "http://www.dartai.com:80/",
      "timestamp": "2019-08-07 10:23:13",
      "status_code": "200",
      "mime_type": "text/html",
      "archive_url": "https://web.archive.org/web/20190807102313/http://www.dartai.com:80/",
      "source": "Wayback Machine"
    },
    {
      "url": "http://dartai.com/",
      "timestamp": "2019-08-08 23:28:54",
      "status_code": "301",
      "mime_type": "text/html",
      "archive_url": "https://web.archive.org/web/20190808232854/http://dartai.com/",
      "source": "Wayback Machine"
    },
    {
      "url": "http://www.dartai.com:80/",
      "timestamp": "2019-09-08 13:50:40",
      "status_code": "200",
      "mime_type": "text/html",
      "archive_url": "https://web.archive.org/web/20190908135040/http://www.dartai.com:80/",
      "source": "Wayback Machine"
    },
    {
      "url": "http://dartai.com/",
      "timestamp": "2021-11-30 18:15:09",
      "status_code": "301",
      "mime_type": "text/html",
      "archive_url": "https://web.archive.org/web/20211130181509/http://dartai.com/",
      "source": "Wayback Machine"
    },
    {
      "url": "http://www.dartai.com/",
      "timestamp": "2025-06-21 06:24:53",
      "status_code": "301",
      "mime_type": "text/html",
      "archive_url": "https://web.archive.org/web/20250621062453/http://www.dartai.com/",
      "source": "Wayback Machine"
    },
    {
      "url": "https://www.dartai.com/",
      "timestamp": "2025-06-21 06:24:54",
      "status_code": "200",
      "mime_type": "text/html",
      "archive_url": "https://web.archive.org/web/20250621062454/https://www.dartai.com/",
      "source": "Wayback Machine"
    },
    {
      "url": "https://www.dartai.com/",
      "timestamp": "2025-07-14 16:18:25",
      "status_code": "200",
      "mime_type": "text/html",
      "archive_url": "https://web.archive.org/web/20250714161825/https://www.dartai.com/",
      "source": "Wayback Machine"
    },
    {
      "url": "https://www.dartai.com/",
      "timestamp": "2025-08-04 10:32:01",
      "status_code": "200",
      "mime_type": "text/html",
      "archive_url": "https://web.archive.org/web/20250804103201/https://www.dartai.com/",
      "source": "Wayback Machine"
    },
    {
      "url": "https://www.dartai.com/",
      "timestamp": "2025-08-14 21:04:07",
      "status_code": "200",
      "mime_type": "text/html",
      "archive_url": "https://web.archive.org/web/20250814210407/https://www.dartai.com/",
      "source": "Wayback Machine"
    },
    {
      "url": "http://dartai.com/",
      "timestamp": "2025-09-01 17:34:05",
      "status_code": "301",
      "mime_type": "text/html",
      "archive_url": "https://web.archive.org/web/20250901173405/http://dartai.com/",
      "source": "Wayback Machine"
    },
    {
      "url": "https://dartai.com/",
      "timestamp": "2025-09-01 17:35:26",
      "status_code": "301",
      "mime_type": "text/html",
      "archive_url": "https://web.archive.org/web/20250901173526/https://dartai.com/",
      "source": "Wayback Machine"
    },
    {
      "url": "https://www.dartai.com/",
      "timestamp": "2025-09-01 17:37:57",
      "status_code": "200",
      "mime_type": "text/html",
      "archive_url": "https://web.archive.org/web/20250901173757/https://www.dartai.com/",
      "source": "Wayback Machine"
    },
    {
      "url": "https://www.dartai.com/",
      "timestamp": "2025-09-06 01:30:58",
      "status_code": "200",
      "mime_type": "text/html",
      "archive_url": "https://web.archive.org/web/20250906013058/https://www.dartai.com/",
      "source": "Wayback Machine"
    },
    {
      "url": "https://www.dartai.com/",
      "timestamp": "2025-09-22 13:16:45",
      "status_code": "200",
      "mime_type": "text/html",
      "archive_url": "https://web.archive.org/web/20250922131645/https://www.dartai.com/",
      "source": "Wayback Machine"
    },
    {
      "url": "https://dartai.com/",
      "timestamp": "2025-10-08 22:16:40",
      "status_code": "301",
      "mime_type": "text/html",
      "archive_url": "https://web.archive.org/web/20251008221640/https://dartai.com/",
      "source": "Wayback Machine"
    }
  ]
}