{
  "metadata": {
    "module": "email_harvesting",
    "target": "dartai.com",
    "timestamp": "2025-12-21T20:24:24.051395",
    "record_count": 3
  },
  "results": [
    {
      "email": "support@dartai.com",
      "first_name": null,
      "last_name": null,
      "position": null,
      "department": "support",
      "type": "generic",
      "confidence": 82,
      "sources": 7,
      "source": "Hunter.io"
    },
    {
      "email": "hello@dartai.com",
      "first_name": null,
      "last_name": null,
      "position": null,
      "department": "support",
      "type": "generic",
      "confidence": 81,
      "sources": 5,
      "source": "Hunter.io"
    },
    {
      "email": "security@dartai.com",
      "first_name": null,
      "last_name": null,
      "position": null,
      "department": "support",
      "type": "generic",
      "confidence": 75,
      "sources": 1,
      "source": "Hunter.io"
    }
  ]
}