{
  "metadata": {
    "module": "hackertarget_lookup",
    "target": "dartai.com",
    "timestamp": "2025-12-18T14:43:26.154571",
    "record_count": 25
  },
  "results": [
    {
      "type": "dns_record",
      "value": "A : 198.202.211.1",
      "source": "HackerTarget DNS"
    },
    {
      "type": "dns_record",
      "value": "MX : 5 alt1.aspmx.l.google.com.",
      "source": "HackerTarget DNS"
    },
    {
      "type": "dns_record",
      "value": "MX : 1 aspmx.l.google.com.",
      "source": "HackerTarget DNS"
    },
    {
      "type": "dns_record",
      "value": "MX : 10 alt4.aspmx.l.google.com.",
      "source": "HackerTarget DNS"
    },
    {
      "type": "dns_record",
      "value": "MX : 5 alt2.aspmx.l.google.com.",
      "source": "HackerTarget DNS"
    },
    {
      "type": "dns_record",
      "value": "MX : 10 alt3.aspmx.l.google.com.",
      "source": "HackerTarget DNS"
    },
    {
      "type": "dns_record",
      "value": "NS : ns-cloud-e2.googledomains.com.",
      "source": "HackerTarget DNS"
    },
    {
      "type": "dns_record",
      "value": "NS : ns-cloud-e3.googledomains.com.",
      "source": "HackerTarget DNS"
    },
    {
      "type": "dns_record",
      "value": "NS : ns-cloud-e4.googledomains.com.",
      "source": "HackerTarget DNS"
    },
    {
      "type": "dns_record",
      "value": "NS : ns-cloud-e1.googledomains.com.",
      "source": "HackerTarget DNS"
    },
    {
      "type": "dns_record",
      "value": "TXT : google-site-verification=s4w1einln4TmCx-4GMTz73hM6XFeDmIKrapsirW-t_0",
      "source": "HackerTarget DNS"
    },
    {
      "type": "dns_record",
      "value": "TXT : rippling-domain-verification=de90ecc07abff512",
      "source": "HackerTarget DNS"
    },
    {
      "type": "dns_record",
      "value": "TXT : google-site-verification=qq9tDWxS-aAKDJkt44As3qBt9kkctY6RFoOget4JOp8",
      "source": "HackerTarget DNS"
    },
    {
      "type": "dns_record",
      "value": "TXT : v=spf1 include:_spf.google.com ~all",
      "source": "HackerTarget DNS"
    },
    {
      "type": "dns_record",
      "value": "TXT : stripe-verification=13cb107e057b2d8268ccf69ef2898cfdfff849f4922c4f74e767b39083a30639",
      "source": "HackerTarget DNS"
    },
    {
      "type": "dns_record",
      "value": "TXT : openai-domain-verification=dv-2L4UNwZ6HqeldFYfQdLuyPcX",
      "source": "HackerTarget DNS"
    },
    {
      "type": "dns_record",
      "value": "SOA : ns-cloud-e1.googledomains.com. cloud-dns-hostmaster.google.com. 1 21600 3600 259200 300",
      "source": "HackerTarget DNS"
    },
    {
      "type": "reverse_dns",
      "value": "No PTR records found",
      "source": "HackerTarget Reverse DNS"
    },
    {
      "type": "zone_transfer",
      "value": "; <<>> DiG <<>> -t axfr @ns-cloud-e1.googledomains.com dartai.com",
      "source": "HackerTarget Zone Transfer"
    },
    {
      "type": "zone_transfer",
      "value": "; (2 servers found)",
      "source": "HackerTarget Zone Transfer"
    },
    {
      "type": "zone_transfer",
      "value": ";; global options: +cmd",
      "source": "HackerTarget Zone Transfer"
    },
    {
      "type": "zone_transfer",
      "value": "; Transfer failed.",
      "source": "HackerTarget Zone Transfer"
    },
    {
      "type": "zone_transfer",
      "value": "; <<>> DiG <<>> -t axfr @ns-cloud-e2.googledomains.com dartai.com",
      "source": "HackerTarget Zone Transfer"
    },
    {
      "type": "zone_transfer",
      "value": "; <<>> DiG <<>> -t axfr @ns-cloud-e4.googledomains.com dartai.com",
      "source": "HackerTarget Zone Transfer"
    },
    {
      "type": "zone_transfer",
      "value": "; <<>> DiG <<>> -t axfr @ns-cloud-e3.googledomains.com dartai.com",
      "source": "HackerTarget Zone Transfer"
    }
  ]
}